direction,duration,trigger,stim_type,grating_freq,corr_ans,resp.rt,resp.keys,resp.corr,t0,a,lambda
decrement,0.6,21.0,standard,10.0,None,None,None,1.0,0.011,1.1,20
decrement,0.6,21.0,standard,10.0,None,None,None,1.0,0.011,1.1,20
decrement,0.6,21.0,standard,10.0,None,None,None,1.0,0.011,1.1,20
decrement,0.6,21.0,standard,10.0,None,None,None,1.0,0.011,1.1,20
decrement,0.6,21.0,standard,10.0,None,None,None,1.0,0.011,1.1,20
decrement,0.6,21.0,standard,10.0,None,None,None,1.0,0.011,1.1,20
decrement,0.48,24.0,oddball,10.0,j,None,None,0.0,0.011,1.1,18
decrement,0.6,21.0,standard,10.0,None,None,None,1.0,0.011,1.1,20
decrement,0.6,21.0,standard,10.0,None,None,None,1.0,0.011,1.1,20
decrement,0.6,21.0,standard,10.0,None,None,None,1.0,0.011,1.1,20
decrement,0.6,21.0,standard,10.0,None,None,None,1.0,0.011,1.1,20
decrement,0.6,21.0,standard,10.0,None,None,None,1.0,0.011,1.1,20
decrement,0.6,21.0,standard,10.0,None,None,None,1.0,0.011,1.1,20
decrement,0.6,21.0,standard,10.0,None,None,None,1.0,0.011,1.1,20
decrement,0.6,21.0,standard,10.0,None,None,None,1.0,0.011,1.1,20
decrement,0.6,21.0,standard,10.0,None,None,None,1.0,0.011,1.1,20
decrement,0.6,21.0,standard,10.0,None,None,None,1.0,0.011,1.1,20
decrement,0.24,22.0,oddball,10.0,j,0.4143722997978329,j,1.0,0.011,1.1,12
decrement,0.6,21.0,standard,10.0,None,None,None,1.0,0.011,1.1,20
decrement,0.6,21.0,standard,10.0,None,None,None,1.0,0.011,1.1,20
decrement,0.6,21.0,standard,10.0,None,None,None,1.0,0.011,1.1,20
decrement,0.6,21.0,standard,10.0,None,None,None,1.0,0.011,1.1,20
decrement,0.36,23.0,oddball,10.0,j,0.5906025995500386,j,1.0,0.011,1.1,15
decrement,0.6,21.0,standard,10.0,None,None,None,1.0,0.011,1.1,20
decrement,0.6,21.0,standard,10.0,None,None,None,1.0,0.011,1.1,20
decrement,0.6,21.0,standard,10.0,None,None,None,1.0,0.011,1.1,20
decrement,0.6,21.0,standard,10.0,None,None,None,1.0,0.011,1.1,20
decrement,0.6,21.0,standard,10.0,None,None,None,1.0,0.011,1.1,20
decrement,0.6,21.0,standard,10.0,None,None,None,1.0,0.011,1.1,20
decrement,0.6,21.0,standard,10.0,None,None,None,1.0,0.011,1.1,20
increment,0.6,25.0,standard,10.0,None,None,None,1.0,0.011,1.1,20
increment,0.6,25.0,standard,10.0,None,None,None,1.0,0.011,1.1,20
increment,0.6,25.0,standard,10.0,None,None,None,1.0,0.011,1.1,20
increment,0.6,25.0,standard,10.0,None,None,None,1.0,0.011,1.1,20
increment,0.6,25.0,standard,10.0,None,None,None,1.0,0.011,1.1,20
increment,0.6,25.0,standard,10.0,None,None,None,1.0,0.011,1.1,20
increment,0.6,25.0,standard,10.0,None,None,None,1.0,0.011,1.1,20
increment,0.96,28.0,oddball,10.0,j,0.5672348998486996,j,1.0,0.011,1.1,24
increment,0.6,25.0,standard,10.0,None,None,None,1.0,0.011,1.1,20
increment,0.6,25.0,standard,10.0,None,None,None,1.0,0.011,1.1,20
increment,0.6,25.0,standard,10.0,None,None,None,1.0,0.011,1.1,20
increment,0.6,25.0,standard,10.0,None,None,None,1.0,0.011,1.1,20
increment,0.6,25.0,standard,10.0,None,None,None,1.0,0.011,1.1,20
increment,0.6,25.0,standard,10.0,None,None,None,1.0,0.011,1.1,20
increment,0.6,25.0,standard,10.0,None,None,None,1.0,0.011,1.1,20
increment,0.72,26.0,oddball,10.0,j,0.7952374997548759,j,1.0,0.011,1.1,21
increment,0.6,25.0,standard,10.0,None,None,None,1.0,0.011,1.1,20
increment,0.6,25.0,standard,10.0,None,None,None,1.0,0.011,1.1,20
increment,0.6,25.0,standard,10.0,None,None,None,1.0,0.011,1.1,20
increment,0.6,25.0,standard,10.0,None,None,None,1.0,0.011,1.1,20
increment,0.84,27.0,oddball,10.0,j,0.5068223001435399,j,1.0,0.011,1.1,23
increment,0.6,25.0,standard,10.0,None,None,None,1.0,0.011,1.1,20
increment,0.6,25.0,standard,10.0,None,None,None,1.0,0.011,1.1,20
increment,0.6,25.0,standard,10.0,None,None,None,1.0,0.011,1.1,20
increment,0.6,25.0,standard,10.0,None,None,None,1.0,0.011,1.1,20
increment,0.6,25.0,standard,10.0,None,None,None,1.0,0.011,1.1,20
increment,0.6,25.0,standard,10.0,None,None,None,1.0,0.011,1.1,20
increment,0.6,25.0,standard,10.0,None,None,None,1.0,0.011,1.1,20
increment,0.6,25.0,standard,10.0,None,None,None,1.0,0.011,1.1,20
increment,0.6,25.0,standard,10.0,None,None,None,1.0,0.011,1.1,20
decrement,0.6,21.0,standard,10.0,None,None,None,1.0,0.011,1.1,20
decrement,0.6,21.0,standard,10.0,None,None,None,1.0,0.011,1.1,20
decrement,0.6,21.0,standard,10.0,None,None,None,1.0,0.011,1.1,20
decrement,0.6,21.0,standard,10.0,None,None,None,1.0,0.011,1.1,20
decrement,0.6,21.0,standard,10.0,None,None,None,1.0,0.011,1.1,20
decrement,0.6,21.0,standard,10.0,None,None,None,1.0,0.011,1.1,20
decrement,0.36,23.0,oddball,10.0,j,0.751692300196737,j,1.0,0.011,1.1,15
decrement,0.6,21.0,standard,10.0,None,None,None,1.0,0.011,1.1,20
decrement,0.6,21.0,standard,10.0,None,None,None,1.0,0.011,1.1,20
decrement,0.6,21.0,standard,10.0,None,None,None,1.0,0.011,1.1,20
decrement,0.6,21.0,standard,10.0,None,None,None,1.0,0.011,1.1,20
decrement,0.24,22.0,oddball,10.0,j,0.5650239000096917,j,1.0,0.011,1.1,12
decrement,0.6,21.0,standard,10.0,None,None,None,1.0,0.011,1.1,20
decrement,0.6,21.0,standard,10.0,None,None,None,1.0,0.011,1.1,20
decrement,0.6,21.0,standard,10.0,None,None,None,1.0,0.011,1.1,20
decrement,0.48,24.0,oddball,10.0,j,0.9851816999725996,j,1.0,0.011,1.1,18
decrement,0.6,21.0,standard,10.0,None,None,None,1.0,0.011,1.1,20
decrement,0.6,21.0,standard,10.0,None,None,None,1.0,0.011,1.1,20
decrement,0.6,21.0,standard,10.0,None,None,None,1.0,0.011,1.1,20
decrement,0.6,21.0,standard,10.0,None,None,None,1.0,0.011,1.1,20
decrement,0.6,21.0,standard,10.0,None,None,None,1.0,0.011,1.1,20
decrement,0.6,21.0,standard,10.0,None,None,None,1.0,0.011,1.1,20
decrement,0.6,21.0,standard,10.0,None,None,None,1.0,0.011,1.1,20
decrement,0.6,21.0,standard,10.0,None,None,None,1.0,0.011,1.1,20
decrement,0.6,21.0,standard,10.0,None,None,None,1.0,0.011,1.1,20
decrement,0.6,21.0,standard,10.0,None,None,None,1.0,0.011,1.1,20
decrement,0.6,21.0,standard,10.0,None,None,None,1.0,0.011,1.1,20
decrement,0.6,21.0,standard,10.0,None,None,None,1.0,0.011,1.1,20
decrement,0.6,21.0,standard,10.0,None,None,None,1.0,0.011,1.1,20
decrement,0.6,21.0,standard,10.0,None,None,None,1.0,0.011,1.1,20
increment,0.6,25.0,standard,10.0,None,None,None,1.0,0.011,1.1,20
increment,0.6,25.0,standard,10.0,None,None,None,1.0,0.011,1.1,20
increment,0.6,25.0,standard,10.0,None,None,None,1.0,0.011,1.1,20
increment,0.6,25.0,standard,10.0,None,None,None,1.0,0.011,1.1,20
increment,0.6,25.0,standard,10.0,None,None,None,1.0,0.011,1.1,20
increment,0.72,26.0,oddball,10.0,j,None,None,0.0,0.011,1.1,21
increment,0.6,25.0,standard,10.0,None,None,None,1.0,0.011,1.1,20
increment,0.6,25.0,standard,10.0,None,None,None,1.0,0.011,1.1,20
increment,0.6,25.0,standard,10.0,None,None,None,1.0,0.011,1.1,20
increment,0.6,25.0,standard,10.0,None,None,None,1.0,0.011,1.1,20
increment,0.6,25.0,standard,10.0,None,None,None,1.0,0.011,1.1,20
increment,0.6,25.0,standard,10.0,None,None,None,1.0,0.011,1.1,20
increment,0.6,25.0,standard,10.0,None,None,None,1.0,0.011,1.1,20
increment,0.6,25.0,standard,10.0,None,None,None,1.0,0.011,1.1,20
increment,0.6,25.0,standard,10.0,None,None,None,1.0,0.011,1.1,20
increment,0.6,25.0,standard,10.0,None,None,None,1.0,0.011,1.1,20
increment,0.6,25.0,standard,10.0,None,None,None,1.0,0.011,1.1,20
increment,0.6,25.0,standard,10.0,None,None,None,1.0,0.011,1.1,20
increment,0.6,25.0,standard,10.0,None,None,None,1.0,0.011,1.1,20
increment,0.6,25.0,standard,10.0,None,None,None,1.0,0.011,1.1,20
increment,0.96,28.0,oddball,10.0,j,0.42957319971174,j,1.0,0.011,1.1,24
increment,0.6,25.0,standard,10.0,None,None,None,1.0,0.011,1.1,20
increment,0.6,25.0,standard,10.0,None,None,None,1.0,0.011,1.1,20
increment,0.6,25.0,standard,10.0,None,None,None,1.0,0.011,1.1,20
increment,0.6,25.0,standard,10.0,None,None,None,1.0,0.011,1.1,20
increment,0.84,27.0,oddball,10.0,j,0.5532003003172576,j,1.0,0.011,1.1,23
increment,0.6,25.0,standard,10.0,None,None,None,1.0,0.011,1.1,20
increment,0.6,25.0,standard,10.0,None,None,None,1.0,0.011,1.1,20
increment,0.6,25.0,standard,10.0,None,None,None,1.0,0.011,1.1,20
increment,0.6,25.0,standard,10.0,None,None,None,1.0,0.011,1.1,20
decrement,0.6,21.0,standard,10.0,None,None,None,1.0,0.011,1.1,20
decrement,0.6,21.0,standard,10.0,None,None,None,1.0,0.011,1.1,20
decrement,0.6,21.0,standard,10.0,None,None,None,1.0,0.011,1.1,20
decrement,0.6,21.0,standard,10.0,None,None,None,1.0,0.011,1.1,20
decrement,0.6,21.0,standard,10.0,None,None,None,1.0,0.011,1.1,20
decrement,0.36,23.0,oddball,10.0,j,0.7378342002630234,j,1.0,0.011,1.1,15
decrement,0.6,21.0,standard,10.0,None,None,None,1.0,0.011,1.1,20
decrement,0.6,21.0,standard,10.0,None,None,None,1.0,0.011,1.1,20
decrement,0.6,21.0,standard,10.0,None,None,None,1.0,0.011,1.1,20
decrement,0.24,22.0,oddball,10.0,j,0.542346500325948,j,1.0,0.011,1.1,12
decrement,0.6,21.0,standard,10.0,None,None,None,1.0,0.011,1.1,20
decrement,0.6,21.0,standard,10.0,None,None,None,1.0,0.011,1.1,20
decrement,0.6,21.0,standard,10.0,None,None,None,1.0,0.011,1.1,20
decrement,0.6,21.0,standard,10.0,None,None,None,1.0,0.011,1.1,20
decrement,0.6,21.0,standard,10.0,None,None,None,1.0,0.011,1.1,20
decrement,0.6,21.0,standard,10.0,None,None,None,1.0,0.011,1.1,20
decrement,0.6,21.0,standard,10.0,None,None,None,1.0,0.011,1.1,20
decrement,0.6,21.0,standard,10.0,None,None,None,1.0,0.011,1.1,20
decrement,0.6,21.0,standard,10.0,None,None,None,1.0,0.011,1.1,20
decrement,0.6,21.0,standard,10.0,None,None,None,1.0,0.011,1.1,20
decrement,0.6,21.0,standard,10.0,None,None,None,1.0,0.011,1.1,20
decrement,0.6,21.0,standard,10.0,None,None,None,1.0,0.011,1.1,20
decrement,0.6,21.0,standard,10.0,None,None,None,1.0,0.011,1.1,20
decrement,0.48,24.0,oddball,10.0,j,0.5725576002150774,j,1.0,0.011,1.1,18
decrement,0.6,21.0,standard,10.0,None,None,None,1.0,0.011,1.1,20
decrement,0.6,21.0,standard,10.0,None,None,None,1.0,0.011,1.1,20
decrement,0.6,21.0,standard,10.0,None,None,None,1.0,0.011,1.1,20
decrement,0.6,21.0,standard,10.0,None,None,None,1.0,0.011,1.1,20
decrement,0.6,21.0,standard,10.0,None,None,None,1.0,0.011,1.1,20
decrement,0.6,21.0,standard,10.0,None,None,None,1.0,0.011,1.1,20
increment,0.6,25.0,standard,10.0,None,None,None,1.0,0.011,1.1,20
increment,0.6,25.0,standard,10.0,None,None,None,1.0,0.011,1.1,20
increment,0.6,25.0,standard,10.0,None,None,None,1.0,0.011,1.1,20
increment,0.6,25.0,standard,10.0,None,None,None,1.0,0.011,1.1,20
increment,0.6,25.0,standard,10.0,None,None,None,1.0,0.011,1.1,20
increment,0.6,25.0,standard,10.0,None,None,None,1.0,0.011,1.1,20
increment,0.6,25.0,standard,10.0,None,None,None,1.0,0.011,1.1,20
increment,0.84,27.0,oddball,10.0,j,None,None,0.0,0.011,1.1,23
increment,0.6,25.0,standard,10.0,None,None,None,1.0,0.011,1.1,20
increment,0.6,25.0,standard,10.0,None,None,None,1.0,0.011,1.1,20
increment,0.6,25.0,standard,10.0,None,None,None,1.0,0.011,1.1,20
increment,0.72,26.0,oddball,10.0,j,None,None,0.0,0.011,1.1,21
increment,0.6,25.0,standard,10.0,None,None,None,1.0,0.011,1.1,20
increment,0.6,25.0,standard,10.0,None,None,None,1.0,0.011,1.1,20
increment,0.6,25.0,standard,10.0,None,None,None,1.0,0.011,1.1,20
increment,0.96,28.0,oddball,10.0,j,0.5582226999104023,j,1.0,0.011,1.1,24
increment,0.6,25.0,standard,10.0,None,None,None,1.0,0.011,1.1,20
increment,0.6,25.0,standard,10.0,None,None,None,1.0,0.011,1.1,20
increment,0.6,25.0,standard,10.0,None,None,None,1.0,0.011,1.1,20
increment,0.6,25.0,standard,10.0,None,None,None,1.0,0.011,1.1,20
increment,0.6,25.0,standard,10.0,None,None,None,1.0,0.011,1.1,20
increment,0.6,25.0,standard,10.0,None,None,None,1.0,0.011,1.1,20
increment,0.6,25.0,standard,10.0,None,None,None,1.0,0.011,1.1,20
increment,0.6,25.0,standard,10.0,None,None,None,1.0,0.011,1.1,20
increment,0.6,25.0,standard,10.0,None,None,None,1.0,0.011,1.1,20
increment,0.6,25.0,standard,10.0,None,None,None,1.0,0.011,1.1,20
increment,0.6,25.0,standard,10.0,None,None,None,1.0,0.011,1.1,20
increment,0.6,25.0,standard,10.0,None,None,None,1.0,0.011,1.1,20
increment,0.6,25.0,standard,10.0,None,None,None,1.0,0.011,1.1,20
increment,0.6,25.0,standard,10.0,None,None,None,1.0,0.011,1.1,20
decrement,0.6,21.0,standard,10.0,None,None,None,1.0,0.011,1.1,20
decrement,0.6,21.0,standard,10.0,None,None,None,1.0,0.011,1.1,20
decrement,0.6,21.0,standard,10.0,None,None,None,1.0,0.011,1.1,20
decrement,0.6,21.0,standard,10.0,None,None,None,1.0,0.011,1.1,20
decrement,0.6,21.0,standard,10.0,None,None,None,1.0,0.011,1.1,20
decrement,0.36,23.0,oddball,10.0,j,0.9768507000990212,j,1.0,0.011,1.1,15
decrement,0.6,21.0,standard,10.0,None,None,None,1.0,0.011,1.1,20
decrement,0.6,21.0,standard,10.0,None,None,None,1.0,0.011,1.1,20
decrement,0.6,21.0,standard,10.0,None,None,None,1.0,0.011,1.1,20
decrement,0.6,21.0,standard,10.0,None,None,None,1.0,0.011,1.1,20
decrement,0.6,21.0,standard,10.0,None,None,None,1.0,0.011,1.1,20
decrement,0.6,21.0,standard,10.0,None,None,None,1.0,0.011,1.1,20
decrement,0.6,21.0,standard,10.0,None,None,None,1.0,0.011,1.1,20
decrement,0.6,21.0,standard,10.0,None,None,None,1.0,0.011,1.1,20
decrement,0.48,24.0,oddball,10.0,j,None,None,0.0,0.011,1.1,18
decrement,0.6,21.0,standard,10.0,None,None,None,1.0,0.011,1.1,20
decrement,0.6,21.0,standard,10.0,None,None,None,1.0,0.011,1.1,20
decrement,0.6,21.0,standard,10.0,None,None,None,1.0,0.011,1.1,20
decrement,0.6,21.0,standard,10.0,None,None,None,1.0,0.011,1.1,20
decrement,0.6,21.0,standard,10.0,None,None,None,1.0,0.011,1.1,20
decrement,0.6,21.0,standard,10.0,None,None,None,1.0,0.011,1.1,20
decrement,0.6,21.0,standard,10.0,None,None,None,1.0,0.011,1.1,20
decrement,0.6,21.0,standard,10.0,None,None,None,1.0,0.011,1.1,20
decrement,0.6,21.0,standard,10.0,None,None,None,1.0,0.011,1.1,20
decrement,0.24,22.0,oddball,10.0,j,0.4512184001505375,j,1.0,0.011,1.1,12
decrement,0.6,21.0,standard,10.0,None,None,None,1.0,0.011,1.1,20
decrement,0.6,21.0,standard,10.0,None,None,None,1.0,0.011,1.1,20
decrement,0.6,21.0,standard,10.0,None,None,None,1.0,0.011,1.1,20
decrement,0.6,21.0,standard,10.0,None,None,None,1.0,0.011,1.1,20
decrement,0.6,21.0,standard,10.0,None,None,None,1.0,0.011,1.1,20
increment,0.6,25.0,standard,10.0,None,None,None,1.0,0.011,1.1,20
increment,0.6,25.0,standard,10.0,None,None,None,1.0,0.011,1.1,20
increment,0.6,25.0,standard,10.0,None,None,None,1.0,0.011,1.1,20
increment,0.6,25.0,standard,10.0,None,None,None,1.0,0.011,1.1,20
increment,0.6,25.0,standard,10.0,None,None,None,1.0,0.011,1.1,20
increment,0.6,25.0,standard,10.0,None,None,None,1.0,0.011,1.1,20
increment,0.6,25.0,standard,10.0,None,None,None,1.0,0.011,1.1,20
increment,0.6,25.0,standard,10.0,None,None,None,1.0,0.011,1.1,20
increment,0.6,25.0,standard,10.0,None,None,None,1.0,0.011,1.1,20
increment,0.6,25.0,standard,10.0,None,None,None,1.0,0.011,1.1,20
increment,0.6,25.0,standard,10.0,None,None,None,1.0,0.011,1.1,20
increment,0.6,25.0,standard,10.0,None,None,None,1.0,0.011,1.1,20
increment,0.6,25.0,standard,10.0,None,None,None,1.0,0.011,1.1,20
increment,0.6,25.0,standard,10.0,None,None,None,1.0,0.011,1.1,20
increment,0.6,25.0,standard,10.0,None,None,None,1.0,0.011,1.1,20
increment,0.6,25.0,standard,10.0,None,None,None,1.0,0.011,1.1,20
increment,0.6,25.0,standard,10.0,None,None,None,1.0,0.011,1.1,20
increment,0.84,27.0,oddball,10.0,j,None,None,0.0,0.011,1.1,23
increment,0.6,25.0,standard,10.0,None,None,None,1.0,0.011,1.1,20
increment,0.6,25.0,standard,10.0,None,None,None,1.0,0.011,1.1,20
increment,0.6,25.0,standard,10.0,None,None,None,1.0,0.011,1.1,20
increment,0.6,25.0,standard,10.0,None,None,None,1.0,0.011,1.1,20
increment,0.6,25.0,standard,10.0,None,None,None,1.0,0.011,1.1,20
increment,0.96,28.0,oddball,10.0,j,0.8256570999510586,j,1.0,0.011,1.1,24
increment,0.6,25.0,standard,10.0,None,None,None,1.0,0.011,1.1,20
increment,0.6,25.0,standard,10.0,None,None,None,1.0,0.011,1.1,20
increment,0.6,25.0,standard,10.0,None,None,None,1.0,0.011,1.1,20
increment,0.6,25.0,standard,10.0,None,None,None,1.0,0.011,1.1,20
increment,0.72,26.0,oddball,10.0,j,None,None,0.0,0.011,1.1,21
increment,0.6,25.0,standard,10.0,None,None,None,1.0,0.011,1.1,20
decrement,0.6,21.0,standard,10.0,None,None,None,1.0,0.011,1.1,20
decrement,0.6,21.0,standard,10.0,None,None,None,1.0,0.011,1.1,20
decrement,0.6,21.0,standard,10.0,None,None,None,1.0,0.011,1.1,20
decrement,0.6,21.0,standard,10.0,None,None,None,1.0,0.011,1.1,20
decrement,0.6,21.0,standard,10.0,None,None,None,1.0,0.011,1.1,20
decrement,0.6,21.0,standard,10.0,None,None,None,1.0,0.011,1.1,20
decrement,0.6,21.0,standard,10.0,None,None,None,1.0,0.011,1.1,20
decrement,0.6,21.0,standard,10.0,None,None,None,1.0,0.011,1.1,20
decrement,0.6,21.0,standard,10.0,None,None,None,1.0,0.011,1.1,20
decrement,0.6,21.0,standard,10.0,None,None,None,1.0,0.011,1.1,20
decrement,0.6,21.0,standard,10.0,None,None,None,1.0,0.011,1.1,20
decrement,0.6,21.0,standard,10.0,None,None,None,1.0,0.011,1.1,20
decrement,0.36,23.0,oddball,10.0,j,0.5827720002271235,j,1.0,0.011,1.1,15
decrement,0.6,21.0,standard,10.0,None,None,None,1.0,0.011,1.1,20
decrement,0.6,21.0,standard,10.0,None,None,None,1.0,0.011,1.1,20
decrement,0.6,21.0,standard,10.0,None,None,None,1.0,0.011,1.1,20
decrement,0.24,22.0,oddball,10.0,j,0.5886419997550547,j,1.0,0.011,1.1,12
decrement,0.6,21.0,standard,10.0,None,None,None,1.0,0.011,1.1,20
decrement,0.6,21.0,standard,10.0,None,None,None,1.0,0.011,1.1,20
decrement,0.6,21.0,standard,10.0,None,None,None,1.0,0.011,1.1,20
decrement,0.6,21.0,standard,10.0,None,None,None,1.0,0.011,1.1,20
decrement,0.6,21.0,standard,10.0,None,None,None,1.0,0.011,1.1,20
decrement,0.6,21.0,standard,10.0,None,None,None,1.0,0.011,1.1,20
decrement,0.6,21.0,standard,10.0,None,None,None,1.0,0.011,1.1,20
decrement,0.6,21.0,standard,10.0,None,None,None,1.0,0.011,1.1,20
decrement,0.6,21.0,standard,10.0,None,None,None,1.0,0.011,1.1,20
decrement,0.48,24.0,oddball,10.0,j,None,None,0.0,0.011,1.1,18
decrement,0.6,21.0,standard,10.0,None,None,None,1.0,0.011,1.1,20
decrement,0.6,21.0,standard,10.0,None,None,None,1.0,0.011,1.1,20
decrement,0.6,21.0,standard,10.0,None,None,None,1.0,0.011,1.1,20
increment,0.6,25.0,standard,10.0,None,None,None,1.0,0.011,1.1,20
increment,0.6,25.0,standard,10.0,None,None,None,1.0,0.011,1.1,20
increment,0.6,25.0,standard,10.0,None,None,None,1.0,0.011,1.1,20
increment,0.6,25.0,standard,10.0,None,None,None,1.0,0.011,1.1,20
increment,0.6,25.0,standard,10.0,None,None,None,1.0,0.011,1.1,20
increment,0.6,25.0,standard,10.0,None,None,None,1.0,0.011,1.1,20
increment,0.84,27.0,oddball,10.0,j,0.0764470002613961,j,1.0,0.011,1.1,23
increment,0.6,25.0,standard,10.0,None,None,None,1.0,0.011,1.1,20
increment,0.6,25.0,standard,10.0,None,None,None,1.0,0.011,1.1,20
increment,0.6,25.0,standard,10.0,None,None,None,1.0,0.011,1.1,20
increment,0.6,25.0,standard,10.0,None,None,None,1.0,0.011,1.1,20
increment,0.6,25.0,standard,10.0,None,None,None,1.0,0.011,1.1,20
increment,0.6,25.0,standard,10.0,None,None,None,1.0,0.011,1.1,20
increment,0.6,25.0,standard,10.0,None,None,None,1.0,0.011,1.1,20
increment,0.6,25.0,standard,10.0,None,None,None,1.0,0.011,1.1,20
increment,0.6,25.0,standard,10.0,None,None,None,1.0,0.011,1.1,20
increment,0.96,28.0,oddball,10.0,j,0.5542009002529085,j,1.0,0.011,1.1,24
increment,0.6,25.0,standard,10.0,None,None,None,1.0,0.011,1.1,20
increment,0.6,25.0,standard,10.0,None,None,None,1.0,0.011,1.1,20
increment,0.6,25.0,standard,10.0,None,None,None,1.0,0.011,1.1,20
increment,0.6,25.0,standard,10.0,None,None,None,1.0,0.011,1.1,20
increment,0.6,25.0,standard,10.0,None,None,None,1.0,0.011,1.1,20
increment,0.6,25.0,standard,10.0,None,None,None,1.0,0.011,1.1,20
increment,0.6,25.0,standard,10.0,None,None,None,1.0,0.011,1.1,20
increment,0.6,25.0,standard,10.0,None,None,None,1.0,0.011,1.1,20
increment,0.6,25.0,standard,10.0,None,None,None,1.0,0.011,1.1,20
increment,0.72,26.0,oddball,10.0,j,None,None,0.0,0.011,1.1,21
increment,0.6,25.0,standard,10.0,None,None,None,1.0,0.011,1.1,20
increment,0.6,25.0,standard,10.0,None,None,None,1.0,0.011,1.1,20
increment,0.6,25.0,standard,10.0,None,None,None,1.0,0.011,1.1,20
decrement,0.6,11.0,standard,5.0,None,None,None,1.0,0.012,1.07,22
decrement,0.6,11.0,standard,5.0,None,None,None,1.0,0.012,1.07,22
decrement,0.6,11.0,standard,5.0,None,None,None,1.0,0.012,1.07,22
decrement,0.6,11.0,standard,5.0,None,None,None,1.0,0.012,1.07,22
decrement,0.6,11.0,standard,5.0,None,None,None,1.0,0.012,1.07,22
decrement,0.6,11.0,standard,5.0,None,None,None,1.0,0.012,1.07,22
decrement,0.6,11.0,standard,5.0,None,None,None,1.0,0.012,1.07,22
decrement,0.6,11.0,standard,5.0,None,None,None,1.0,0.012,1.07,22
decrement,0.6,11.0,standard,5.0,None,None,None,1.0,0.012,1.07,22
decrement,0.6,11.0,standard,5.0,None,None,None,1.0,0.012,1.07,22
decrement,0.6,11.0,standard,5.0,None,None,None,1.0,0.012,1.07,22
decrement,0.6,11.0,standard,5.0,None,None,None,1.0,0.012,1.07,22
decrement,0.36,13.0,oddball,5.0,j,0.8636532002128661,j,1.0,0.012,1.07,17
decrement,0.6,11.0,standard,5.0,None,None,None,1.0,0.012,1.07,22
decrement,0.6,11.0,standard,5.0,None,None,None,1.0,0.012,1.07,22
decrement,0.6,11.0,standard,5.0,None,None,None,1.0,0.012,1.07,22
decrement,0.6,11.0,standard,5.0,None,None,None,1.0,0.012,1.07,22
decrement,0.6,11.0,standard,5.0,None,None,None,1.0,0.012,1.07,22
decrement,0.6,11.0,standard,5.0,None,None,None,1.0,0.012,1.07,22
decrement,0.6,11.0,standard,5.0,None,None,None,1.0,0.012,1.07,22
decrement,0.6,11.0,standard,5.0,None,None,None,1.0,0.012,1.07,22
decrement,0.6,11.0,standard,5.0,None,None,None,1.0,0.012,1.07,22
decrement,0.24,12.0,oddball,5.0,j,0.7672223998233676,j,1.0,0.012,1.07,13
decrement,0.6,11.0,standard,5.0,None,None,None,1.0,0.012,1.07,22
decrement,0.6,11.0,standard,5.0,None,None,None,1.0,0.012,1.07,22
decrement,0.6,11.0,standard,5.0,None,None,None,1.0,0.012,1.07,22
decrement,0.48,14.0,oddball,5.0,j,None,None,0.0,0.012,1.07,20
decrement,0.6,11.0,standard,5.0,None,None,None,1.0,0.012,1.07,22
decrement,0.6,11.0,standard,5.0,None,None,None,1.0,0.012,1.07,22
decrement,0.6,11.0,standard,5.0,None,None,None,1.0,0.012,1.07,22
increment,0.6,15.0,standard,5.0,None,None,None,1.0,0.012,1.07,22
increment,0.6,15.0,standard,5.0,None,None,None,1.0,0.012,1.07,22
increment,0.6,15.0,standard,5.0,None,None,None,1.0,0.012,1.07,22
increment,0.6,15.0,standard,5.0,None,None,None,1.0,0.012,1.07,22
increment,0.6,15.0,standard,5.0,None,None,None,1.0,0.012,1.07,22
increment,0.6,15.0,standard,5.0,None,None,None,1.0,0.012,1.07,22
increment,0.84,17.0,oddball,5.0,j,None,None,0.0,0.012,1.07,26
increment,0.6,15.0,standard,5.0,None,None,None,1.0,0.012,1.07,22
increment,0.6,15.0,standard,5.0,None,None,None,1.0,0.012,1.07,22
increment,0.6,15.0,standard,5.0,None,None,None,1.0,0.012,1.07,22
increment,0.6,15.0,standard,5.0,None,None,None,1.0,0.012,1.07,22
increment,0.6,15.0,standard,5.0,None,None,None,1.0,0.012,1.07,22
increment,0.6,15.0,standard,5.0,None,None,None,1.0,0.012,1.07,22
increment,0.6,15.0,standard,5.0,None,None,None,1.0,0.012,1.07,22
increment,0.6,15.0,standard,5.0,None,None,None,1.0,0.012,1.07,22
increment,0.6,15.0,standard,5.0,None,None,None,1.0,0.012,1.07,22
increment,0.6,15.0,standard,5.0,None,None,None,1.0,0.012,1.07,22
increment,0.72,16.0,oddball,5.0,j,None,None,0.0,0.012,1.07,24
increment,0.6,15.0,standard,5.0,None,None,None,1.0,0.012,1.07,22
increment,0.6,15.0,standard,5.0,None,None,None,1.0,0.012,1.07,22
increment,0.6,15.0,standard,5.0,None,None,None,1.0,0.012,1.07,22
increment,0.6,15.0,standard,5.0,None,None,None,1.0,0.012,1.07,22
increment,0.6,15.0,standard,5.0,None,None,None,1.0,0.012,1.07,22
increment,0.6,15.0,standard,5.0,None,None,None,1.0,0.012,1.07,22
increment,0.6,15.0,standard,5.0,None,None,None,1.0,0.012,1.07,22
increment,0.6,15.0,standard,5.0,None,None,None,1.0,0.012,1.07,22
increment,0.6,15.0,standard,5.0,None,None,None,1.0,0.012,1.07,22
increment,0.6,15.0,standard,5.0,None,None,None,1.0,0.012,1.07,22
increment,0.6,15.0,standard,5.0,None,None,None,1.0,0.012,1.07,22
increment,0.96,18.0,oddball,5.0,j,0.2830239003524184,j,1.0,0.012,1.07,28
decrement,0.6,11.0,standard,5.0,None,None,None,1.0,0.012,1.07,22
decrement,0.6,11.0,standard,5.0,None,None,None,1.0,0.012,1.07,22
decrement,0.6,11.0,standard,5.0,None,None,None,1.0,0.012,1.07,22
decrement,0.6,11.0,standard,5.0,None,None,None,1.0,0.012,1.07,22
decrement,0.6,11.0,standard,5.0,None,None,None,1.0,0.012,1.07,22
decrement,0.6,11.0,standard,5.0,None,None,None,1.0,0.012,1.07,22
decrement,0.6,11.0,standard,5.0,None,None,None,1.0,0.012,1.07,22
decrement,0.48,14.0,oddball,5.0,j,None,None,0.0,0.012,1.07,20
decrement,0.6,11.0,standard,5.0,None,None,None,1.0,0.012,1.07,22
decrement,0.6,11.0,standard,5.0,None,None,None,1.0,0.012,1.07,22
decrement,0.6,11.0,standard,5.0,None,None,None,1.0,0.012,1.07,22
decrement,0.6,11.0,standard,5.0,None,None,None,1.0,0.012,1.07,22
decrement,0.6,11.0,standard,5.0,None,None,None,1.0,0.012,1.07,22
decrement,0.6,11.0,standard,5.0,None,None,None,1.0,0.012,1.07,22
decrement,0.6,11.0,standard,5.0,None,None,None,1.0,0.012,1.07,22
decrement,0.6,11.0,standard,5.0,None,None,None,1.0,0.012,1.07,22
decrement,0.6,11.0,standard,5.0,None,None,None,1.0,0.012,1.07,22
decrement,0.6,11.0,standard,5.0,None,None,None,1.0,0.012,1.07,22
decrement,0.6,11.0,standard,5.0,None,None,None,1.0,0.012,1.07,22
decrement,0.36,13.0,oddball,5.0,j,0.8322872002609074,j,1.0,0.012,1.07,17
decrement,0.6,11.0,standard,5.0,None,None,None,1.0,0.012,1.07,22
decrement,0.6,11.0,standard,5.0,None,None,None,1.0,0.012,1.07,22
decrement,0.6,11.0,standard,5.0,None,None,None,1.0,0.012,1.07,22
decrement,0.24,12.0,oddball,5.0,j,0.7933225999586284,j,1.0,0.012,1.07,13
decrement,0.6,11.0,standard,5.0,None,None,None,1.0,0.012,1.07,22
decrement,0.6,11.0,standard,5.0,None,None,None,1.0,0.012,1.07,22
decrement,0.6,11.0,standard,5.0,None,None,None,1.0,0.012,1.07,22
decrement,0.6,11.0,standard,5.0,None,None,None,1.0,0.012,1.07,22
decrement,0.6,11.0,standard,5.0,None,None,None,1.0,0.012,1.07,22
decrement,0.6,11.0,standard,5.0,None,None,None,1.0,0.012,1.07,22
increment,0.6,15.0,standard,5.0,None,None,None,1.0,0.012,1.07,22
increment,0.6,15.0,standard,5.0,None,None,None,1.0,0.012,1.07,22
increment,0.6,15.0,standard,5.0,None,None,None,1.0,0.012,1.07,22
increment,0.6,15.0,standard,5.0,None,None,None,1.0,0.012,1.07,22
increment,0.6,15.0,standard,5.0,None,None,None,1.0,0.012,1.07,22
increment,0.6,15.0,standard,5.0,None,None,None,1.0,0.012,1.07,22
increment,0.6,15.0,standard,5.0,None,None,None,1.0,0.012,1.07,22
increment,0.6,15.0,standard,5.0,None,None,None,1.0,0.012,1.07,22
increment,0.6,15.0,standard,5.0,None,None,None,1.0,0.012,1.07,22
increment,0.6,15.0,standard,5.0,None,None,None,1.0,0.012,1.07,22
increment,0.6,15.0,standard,5.0,None,None,None,1.0,0.012,1.07,22
increment,0.96,18.0,oddball,5.0,j,None,None,0.0,0.012,1.07,28
increment,0.6,15.0,standard,5.0,None,None,None,1.0,0.012,1.07,22
increment,0.6,15.0,standard,5.0,None,None,None,1.0,0.012,1.07,22
increment,0.6,15.0,standard,5.0,None,None,None,1.0,0.012,1.07,22
increment,0.6,15.0,standard,5.0,None,None,None,1.0,0.012,1.07,22
increment,0.6,15.0,standard,5.0,None,None,None,1.0,0.012,1.07,22
increment,0.6,15.0,standard,5.0,None,None,None,1.0,0.012,1.07,22
increment,0.6,15.0,standard,5.0,None,None,None,1.0,0.012,1.07,22
increment,0.6,15.0,standard,5.0,None,None,None,1.0,0.012,1.07,22
increment,0.6,15.0,standard,5.0,None,None,None,1.0,0.012,1.07,22
increment,0.6,15.0,standard,5.0,None,None,None,1.0,0.012,1.07,22
increment,0.6,15.0,standard,5.0,None,None,None,1.0,0.012,1.07,22
increment,0.6,15.0,standard,5.0,None,None,None,1.0,0.012,1.07,22
increment,0.72,16.0,oddball,5.0,j,None,None,0.0,0.012,1.07,24
increment,0.6,15.0,standard,5.0,None,None,None,1.0,0.012,1.07,22
increment,0.6,15.0,standard,5.0,None,None,None,1.0,0.012,1.07,22
increment,0.6,15.0,standard,5.0,None,None,None,1.0,0.012,1.07,22
increment,0.84,17.0,oddball,5.0,j,1.124618800356984,j,1.0,0.012,1.07,26
increment,0.6,15.0,standard,5.0,None,None,None,1.0,0.012,1.07,22
decrement,0.6,11.0,standard,5.0,None,None,None,1.0,0.012,1.07,22
decrement,0.6,11.0,standard,5.0,None,None,None,1.0,0.012,1.07,22
decrement,0.6,11.0,standard,5.0,None,None,None,1.0,0.012,1.07,22
decrement,0.6,11.0,standard,5.0,None,None,None,1.0,0.012,1.07,22
decrement,0.6,11.0,standard,5.0,None,None,None,1.0,0.012,1.07,22
decrement,0.6,11.0,standard,5.0,None,None,None,1.0,0.012,1.07,22
decrement,0.6,11.0,standard,5.0,None,None,None,1.0,0.012,1.07,22
decrement,0.6,11.0,standard,5.0,None,None,None,1.0,0.012,1.07,22
decrement,0.6,11.0,standard,5.0,None,None,None,1.0,0.012,1.07,22
decrement,0.6,11.0,standard,5.0,None,None,None,1.0,0.012,1.07,22
decrement,0.6,11.0,standard,5.0,None,None,None,1.0,0.012,1.07,22
decrement,0.6,11.0,standard,5.0,None,None,None,1.0,0.012,1.07,22
decrement,0.6,11.0,standard,5.0,None,None,None,1.0,0.012,1.07,22
decrement,0.6,11.0,standard,5.0,None,None,None,1.0,0.012,1.07,22
decrement,0.48,14.0,oddball,5.0,j,None,None,0.0,0.012,1.07,20
decrement,0.6,11.0,standard,5.0,None,None,None,1.0,0.012,1.07,22
decrement,0.6,11.0,standard,5.0,None,None,None,1.0,0.012,1.07,22
decrement,0.6,11.0,standard,5.0,None,None,None,1.0,0.012,1.07,22
decrement,0.6,11.0,standard,5.0,None,None,None,1.0,0.012,1.07,22
decrement,0.6,11.0,standard,5.0,None,None,None,1.0,0.012,1.07,22
decrement,0.6,11.0,standard,5.0,None,None,None,1.0,0.012,1.07,22
decrement,0.6,11.0,standard,5.0,None,None,None,1.0,0.012,1.07,22
decrement,0.6,11.0,standard,5.0,None,None,None,1.0,0.012,1.07,22
decrement,0.24,12.0,oddball,5.0,j,0.562491400167346,j,1.0,0.012,1.07,13
decrement,0.6,11.0,standard,5.0,None,None,None,1.0,0.012,1.07,22
decrement,0.6,11.0,standard,5.0,None,None,None,1.0,0.012,1.07,22
decrement,0.6,11.0,standard,5.0,None,None,None,1.0,0.012,1.07,22
decrement,0.6,11.0,standard,5.0,None,None,None,1.0,0.012,1.07,22
decrement,0.6,11.0,standard,5.0,None,None,None,1.0,0.012,1.07,22
decrement,0.36,13.0,oddball,5.0,j,0.6058382000774145,j,1.0,0.012,1.07,17
increment,0.6,15.0,standard,5.0,None,None,None,1.0,0.012,1.07,22
increment,0.6,15.0,standard,5.0,None,None,None,1.0,0.012,1.07,22
increment,0.6,15.0,standard,5.0,None,None,None,1.0,0.012,1.07,22
increment,0.6,15.0,standard,5.0,None,None,None,1.0,0.012,1.07,22
increment,0.6,15.0,standard,5.0,None,None,None,1.0,0.012,1.07,22
increment,0.72,16.0,oddball,5.0,j,None,None,0.0,0.012,1.07,24
increment,0.6,15.0,standard,5.0,None,None,None,1.0,0.012,1.07,22
increment,0.6,15.0,standard,5.0,None,None,None,1.0,0.012,1.07,22
increment,0.6,15.0,standard,5.0,None,None,None,1.0,0.012,1.07,22
increment,0.6,15.0,standard,5.0,None,None,None,1.0,0.012,1.07,22
increment,0.6,15.0,standard,5.0,None,None,None,1.0,0.012,1.07,22
increment,0.6,15.0,standard,5.0,None,None,None,1.0,0.012,1.07,22
increment,0.6,15.0,standard,5.0,None,None,None,1.0,0.012,1.07,22
increment,0.6,15.0,standard,5.0,None,None,None,1.0,0.012,1.07,22
increment,0.6,15.0,standard,5.0,None,None,None,1.0,0.012,1.07,22
increment,0.6,15.0,standard,5.0,None,None,None,1.0,0.012,1.07,22
increment,0.6,15.0,standard,5.0,None,None,None,1.0,0.012,1.07,22
increment,0.84,17.0,oddball,5.0,j,0.5011486001312733,j,1.0,0.012,1.07,26
increment,0.6,15.0,standard,5.0,None,None,None,1.0,0.012,1.07,22
increment,0.6,15.0,standard,5.0,None,None,None,1.0,0.012,1.07,22
increment,0.6,15.0,standard,5.0,None,None,None,1.0,0.012,1.07,22
increment,0.6,15.0,standard,5.0,None,None,None,1.0,0.012,1.07,22
increment,0.6,15.0,standard,5.0,None,None,None,1.0,0.012,1.07,22
increment,0.6,15.0,standard,5.0,None,None,None,1.0,0.012,1.07,22
increment,0.6,15.0,standard,5.0,None,None,None,1.0,0.012,1.07,22
increment,0.96,18.0,oddball,5.0,j,0.5083105997182429,j,1.0,0.012,1.07,28
increment,0.6,15.0,standard,5.0,None,None,None,1.0,0.012,1.07,22
increment,0.6,15.0,standard,5.0,None,None,None,1.0,0.012,1.07,22
increment,0.6,15.0,standard,5.0,None,None,None,1.0,0.012,1.07,22
increment,0.6,15.0,standard,5.0,None,None,None,1.0,0.012,1.07,22
decrement,0.6,11.0,standard,5.0,None,None,None,1.0,0.012,1.07,22
decrement,0.6,11.0,standard,5.0,None,None,None,1.0,0.012,1.07,22
decrement,0.6,11.0,standard,5.0,None,None,None,1.0,0.012,1.07,22
decrement,0.6,11.0,standard,5.0,None,None,None,1.0,0.012,1.07,22
decrement,0.6,11.0,standard,5.0,None,None,None,1.0,0.012,1.07,22
decrement,0.6,11.0,standard,5.0,None,None,None,1.0,0.012,1.07,22
decrement,0.6,11.0,standard,5.0,None,None,None,1.0,0.012,1.07,22
decrement,0.48,14.0,oddball,5.0,j,None,None,0.0,0.012,1.07,20
decrement,0.6,11.0,standard,5.0,None,None,None,1.0,0.012,1.07,22
decrement,0.6,11.0,standard,5.0,None,None,None,1.0,0.012,1.07,22
decrement,0.6,11.0,standard,5.0,None,None,None,1.0,0.012,1.07,22
decrement,0.6,11.0,standard,5.0,None,None,None,1.0,0.012,1.07,22
decrement,0.6,11.0,standard,5.0,None,None,None,1.0,0.012,1.07,22
decrement,0.6,11.0,standard,5.0,None,None,None,1.0,0.012,1.07,22
decrement,0.6,11.0,standard,5.0,None,None,None,1.0,0.012,1.07,22
decrement,0.24,12.0,oddball,5.0,j,0.7015724997036159,j,1.0,0.012,1.07,13
decrement,0.6,11.0,standard,5.0,None,None,None,1.0,0.012,1.07,22
decrement,0.6,11.0,standard,5.0,None,None,None,1.0,0.012,1.07,22
decrement,0.6,11.0,standard,5.0,None,None,None,1.0,0.012,1.07,22
decrement,0.36,13.0,oddball,5.0,j,None,None,0.0,0.012,1.07,17
decrement,0.6,11.0,standard,5.0,None,None,None,1.0,0.012,1.07,22
decrement,0.6,11.0,standard,5.0,None,None,None,1.0,0.012,1.07,22
decrement,0.6,11.0,standard,5.0,None,None,None,1.0,0.012,1.07,22
decrement,0.6,11.0,standard,5.0,None,None,None,1.0,0.012,1.07,22
decrement,0.6,11.0,standard,5.0,None,None,None,1.0,0.012,1.07,22
decrement,0.6,11.0,standard,5.0,None,None,None,1.0,0.012,1.07,22
decrement,0.6,11.0,standard,5.0,None,None,None,1.0,0.012,1.07,22
decrement,0.6,11.0,standard,5.0,None,None,None,1.0,0.012,1.07,22
decrement,0.6,11.0,standard,5.0,None,None,None,1.0,0.012,1.07,22
decrement,0.6,11.0,standard,5.0,None,None,None,1.0,0.012,1.07,22
increment,0.6,15.0,standard,5.0,None,None,None,1.0,0.012,1.07,22
increment,0.6,15.0,standard,5.0,None,None,None,1.0,0.012,1.07,22
increment,0.6,15.0,standard,5.0,None,None,None,1.0,0.012,1.07,22
increment,0.6,15.0,standard,5.0,None,None,None,1.0,0.012,1.07,22
increment,0.6,15.0,standard,5.0,None,None,None,1.0,0.012,1.07,22
increment,0.6,15.0,standard,5.0,None,None,None,1.0,0.012,1.07,22
increment,0.6,15.0,standard,5.0,None,None,None,1.0,0.012,1.07,22
increment,0.72,16.0,oddball,5.0,j,None,None,0.0,0.012,1.07,24
increment,0.6,15.0,standard,5.0,None,None,None,1.0,0.012,1.07,22
increment,0.6,15.0,standard,5.0,None,None,None,1.0,0.012,1.07,22
increment,0.6,15.0,standard,5.0,None,None,None,1.0,0.012,1.07,22
increment,0.6,15.0,standard,5.0,None,None,None,1.0,0.012,1.07,22
increment,0.6,15.0,standard,5.0,None,None,None,1.0,0.012,1.07,22
increment,0.84,17.0,oddball,5.0,j,0.3800630997866392,j,1.0,0.012,1.07,26
increment,0.6,15.0,standard,5.0,None,None,None,1.0,0.012,1.07,22
increment,0.6,15.0,standard,5.0,None,None,None,1.0,0.012,1.07,22
increment,0.6,15.0,standard,5.0,None,None,None,1.0,0.012,1.07,22
increment,0.6,15.0,standard,5.0,None,None,None,1.0,0.012,1.07,22
increment,0.6,15.0,standard,5.0,None,None,None,1.0,0.012,1.07,22
increment,0.6,15.0,standard,5.0,None,None,None,1.0,0.012,1.07,22
increment,0.6,15.0,standard,5.0,None,None,None,1.0,0.012,1.07,22
increment,0.6,15.0,standard,5.0,None,None,None,1.0,0.012,1.07,22
increment,0.6,15.0,standard,5.0,None,None,None,1.0,0.012,1.07,22
increment,0.6,15.0,standard,5.0,None,None,None,1.0,0.012,1.07,22
increment,0.6,15.0,standard,5.0,None,None,None,1.0,0.012,1.07,22
increment,0.6,15.0,standard,5.0,None,None,None,1.0,0.012,1.07,22
increment,0.6,15.0,standard,5.0,None,None,None,1.0,0.012,1.07,22
increment,0.6,15.0,standard,5.0,None,None,None,1.0,0.012,1.07,22
increment,0.96,18.0,oddball,5.0,j,0.3475497998297214,j,1.0,0.012,1.07,28
increment,0.6,15.0,standard,5.0,None,None,None,1.0,0.012,1.07,22
decrement,0.6,11.0,standard,5.0,None,None,None,1.0,0.012,1.07,22
decrement,0.6,11.0,standard,5.0,None,None,None,1.0,0.012,1.07,22
decrement,0.6,11.0,standard,5.0,None,None,None,1.0,0.012,1.07,22
decrement,0.6,11.0,standard,5.0,None,None,None,1.0,0.012,1.07,22
decrement,0.6,11.0,standard,5.0,None,None,None,1.0,0.012,1.07,22
decrement,0.6,11.0,standard,5.0,None,None,None,1.0,0.012,1.07,22
decrement,0.6,11.0,standard,5.0,None,None,None,1.0,0.012,1.07,22
decrement,0.6,11.0,standard,5.0,None,None,None,1.0,0.012,1.07,22
decrement,0.6,11.0,standard,5.0,None,None,None,1.0,0.012,1.07,22
decrement,0.6,11.0,standard,5.0,None,None,None,1.0,0.012,1.07,22
decrement,0.6,11.0,standard,5.0,None,None,None,1.0,0.012,1.07,22
decrement,0.6,11.0,standard,5.0,None,None,None,1.0,0.012,1.07,22
decrement,0.6,11.0,standard,5.0,None,None,None,1.0,0.012,1.07,22
decrement,0.36,13.0,oddball,5.0,j,0.6231673997826874,j,1.0,0.012,1.07,17
decrement,0.6,11.0,standard,5.0,None,None,None,1.0,0.012,1.07,22
decrement,0.6,11.0,standard,5.0,None,None,None,1.0,0.012,1.07,22
decrement,0.6,11.0,standard,5.0,None,None,None,1.0,0.012,1.07,22
decrement,0.6,11.0,standard,5.0,None,None,None,1.0,0.012,1.07,22
decrement,0.6,11.0,standard,5.0,None,None,None,1.0,0.012,1.07,22
decrement,0.6,11.0,standard,5.0,None,None,None,1.0,0.012,1.07,22
decrement,0.24,12.0,oddball,5.0,j,0.8524206997826695,j,1.0,0.012,1.07,13
decrement,0.6,11.0,standard,5.0,None,None,None,1.0,0.012,1.07,22
decrement,0.6,11.0,standard,5.0,None,None,None,1.0,0.012,1.07,22
decrement,0.6,11.0,standard,5.0,None,None,None,1.0,0.012,1.07,22
decrement,0.6,11.0,standard,5.0,None,None,None,1.0,0.012,1.07,22
decrement,0.6,11.0,standard,5.0,None,None,None,1.0,0.012,1.07,22
decrement,0.6,11.0,standard,5.0,None,None,None,1.0,0.012,1.07,22
decrement,0.6,11.0,standard,5.0,None,None,None,1.0,0.012,1.07,22
decrement,0.6,11.0,standard,5.0,None,None,None,1.0,0.012,1.07,22
decrement,0.48,14.0,oddball,5.0,j,None,None,0.0,0.012,1.07,20
increment,0.6,15.0,standard,5.0,None,None,None,1.0,0.012,1.07,22
increment,0.6,15.0,standard,5.0,None,None,None,1.0,0.012,1.07,22
increment,0.6,15.0,standard,5.0,None,None,None,1.0,0.012,1.07,22
increment,0.6,15.0,standard,5.0,None,None,None,1.0,0.012,1.07,22
increment,0.6,15.0,standard,5.0,None,None,None,1.0,0.012,1.07,22
increment,0.72,16.0,oddball,5.0,j,None,None,0.0,0.012,1.07,24
increment,0.6,15.0,standard,5.0,None,None,None,1.0,0.012,1.07,22
increment,0.6,15.0,standard,5.0,None,None,None,1.0,0.012,1.07,22
increment,0.6,15.0,standard,5.0,None,None,None,1.0,0.012,1.07,22
increment,0.6,15.0,standard,5.0,None,None,None,1.0,0.012,1.07,22
increment,0.6,15.0,standard,5.0,None,None,None,1.0,0.012,1.07,22
increment,0.6,15.0,standard,5.0,None,None,None,1.0,0.012,1.07,22
increment,0.6,15.0,standard,5.0,None,None,None,1.0,0.012,1.07,22
increment,0.6,15.0,standard,5.0,None,None,None,1.0,0.012,1.07,22
increment,0.6,15.0,standard,5.0,None,None,None,1.0,0.012,1.07,22
increment,0.6,15.0,standard,5.0,None,None,None,1.0,0.012,1.07,22
increment,0.6,15.0,standard,5.0,None,None,None,1.0,0.012,1.07,22
increment,0.6,15.0,standard,5.0,None,None,None,1.0,0.012,1.07,22
increment,0.6,15.0,standard,5.0,None,None,None,1.0,0.012,1.07,22
increment,0.6,15.0,standard,5.0,None,None,None,1.0,0.012,1.07,22
increment,0.96,18.0,oddball,5.0,j,0.5024520000442863,j,1.0,0.012,1.07,28
increment,0.6,15.0,standard,5.0,None,None,None,1.0,0.012,1.07,22
increment,0.6,15.0,standard,5.0,None,None,None,1.0,0.012,1.07,22
increment,0.6,15.0,standard,5.0,None,None,None,1.0,0.012,1.07,22
increment,0.6,15.0,standard,5.0,None,None,None,1.0,0.012,1.07,22
increment,0.6,15.0,standard,5.0,None,None,None,1.0,0.012,1.07,22
increment,0.84,17.0,oddball,5.0,j,0.5228965003043413,j,1.0,0.012,1.07,26
increment,0.6,15.0,standard,5.0,None,None,None,1.0,0.012,1.07,22
increment,0.6,15.0,standard,5.0,None,None,None,1.0,0.012,1.07,22
increment,0.6,15.0,standard,5.0,None,None,None,1.0,0.012,1.07,22
decrement,0.6,41.0,standard,20.0,None,None,None,1.0,0.015,1.09,18
decrement,0.6,41.0,standard,20.0,None,None,None,1.0,0.015,1.09,18
decrement,0.6,41.0,standard,20.0,None,None,None,1.0,0.015,1.09,18
decrement,0.6,41.0,standard,20.0,None,None,None,1.0,0.015,1.09,18
decrement,0.6,41.0,standard,20.0,None,None,None,1.0,0.015,1.09,18
decrement,0.6,41.0,standard,20.0,None,None,None,1.0,0.015,1.09,18
decrement,0.6,41.0,standard,20.0,None,None,None,1.0,0.015,1.09,18
decrement,0.6,41.0,standard,20.0,None,None,None,1.0,0.015,1.09,18
decrement,0.6,41.0,standard,20.0,None,None,None,1.0,0.015,1.09,18
decrement,0.6,41.0,standard,20.0,None,None,None,1.0,0.015,1.09,18
decrement,0.6,41.0,standard,20.0,None,None,None,1.0,0.015,1.09,18
decrement,0.6,41.0,standard,20.0,None,None,None,1.0,0.015,1.09,18
decrement,0.6,41.0,standard,20.0,None,None,None,1.0,0.015,1.09,18
decrement,0.48,44.0,oddball,20.0,j,None,None,0.0,0.015,1.09,16
decrement,0.6,41.0,standard,20.0,None,None,None,1.0,0.015,1.09,18
decrement,0.6,41.0,standard,20.0,None,None,None,1.0,0.015,1.09,18
decrement,0.6,41.0,standard,20.0,None,None,None,1.0,0.015,1.09,18
decrement,0.36,43.0,oddball,20.0,j,0.4986192001961171,j,1.0,0.015,1.09,13
decrement,0.6,41.0,standard,20.0,None,None,None,1.0,0.015,1.09,18
decrement,0.6,41.0,standard,20.0,None,None,None,1.0,0.015,1.09,18
decrement,0.6,41.0,standard,20.0,None,None,None,1.0,0.015,1.09,18
decrement,0.6,41.0,standard,20.0,None,None,None,1.0,0.015,1.09,18
decrement,0.6,41.0,standard,20.0,None,None,None,1.0,0.015,1.09,18
decrement,0.6,41.0,standard,20.0,None,None,None,1.0,0.015,1.09,18
decrement,0.6,41.0,standard,20.0,None,None,None,1.0,0.015,1.09,18
decrement,0.24,42.0,oddball,20.0,j,0.5972869996912777,j,1.0,0.015,1.09,10
decrement,0.6,41.0,standard,20.0,None,None,None,1.0,0.015,1.09,18
decrement,0.6,41.0,standard,20.0,None,None,None,1.0,0.015,1.09,18
decrement,0.6,41.0,standard,20.0,None,None,None,1.0,0.015,1.09,18
decrement,0.6,41.0,standard,20.0,None,None,None,1.0,0.015,1.09,18
increment,0.6,45.0,standard,20.0,None,None,None,1.0,0.015,1.09,18
increment,0.6,45.0,standard,20.0,None,None,None,1.0,0.015,1.09,18
increment,0.6,45.0,standard,20.0,None,None,None,1.0,0.015,1.09,18
increment,0.6,45.0,standard,20.0,None,None,None,1.0,0.015,1.09,18
increment,0.6,45.0,standard,20.0,None,None,None,1.0,0.015,1.09,18
increment,0.6,45.0,standard,20.0,None,None,None,1.0,0.015,1.09,18
increment,0.96,48.0,oddball,20.0,j,0.5663683000020683,j,1.0,0.015,1.09,22
increment,0.6,45.0,standard,20.0,None,None,None,1.0,0.015,1.09,18
increment,0.6,45.0,standard,20.0,None,None,None,1.0,0.015,1.09,18
increment,0.6,45.0,standard,20.0,None,None,None,1.0,0.015,1.09,18
increment,0.84,47.0,oddball,20.0,j,None,None,0.0,0.015,1.09,21
increment,0.6,45.0,standard,20.0,None,None,None,1.0,0.015,1.09,18
increment,0.6,45.0,standard,20.0,None,None,None,1.0,0.015,1.09,18
increment,0.6,45.0,standard,20.0,None,None,None,1.0,0.015,1.09,18
increment,0.6,45.0,standard,20.0,None,None,None,1.0,0.015,1.09,18
increment,0.6,45.0,standard,20.0,None,None,None,1.0,0.015,1.09,18
increment,0.6,45.0,standard,20.0,None,None,None,1.0,0.015,1.09,18
increment,0.6,45.0,standard,20.0,None,None,None,1.0,0.015,1.09,18
increment,0.6,45.0,standard,20.0,None,None,None,1.0,0.015,1.09,18
increment,0.6,45.0,standard,20.0,None,None,None,1.0,0.015,1.09,18
increment,0.6,45.0,standard,20.0,None,None,None,1.0,0.015,1.09,18
increment,0.6,45.0,standard,20.0,None,None,None,1.0,0.015,1.09,18
increment,0.6,45.0,standard,20.0,None,None,None,1.0,0.015,1.09,18
increment,0.6,45.0,standard,20.0,None,None,None,1.0,0.015,1.09,18
increment,0.6,45.0,standard,20.0,None,None,None,1.0,0.015,1.09,18
increment,0.6,45.0,standard,20.0,None,None,None,1.0,0.015,1.09,18
increment,0.72,46.0,oddball,20.0,j,None,None,0.0,0.015,1.09,19
increment,0.6,45.0,standard,20.0,None,None,None,1.0,0.015,1.09,18
increment,0.6,45.0,standard,20.0,None,None,None,1.0,0.015,1.09,18
increment,0.6,45.0,standard,20.0,None,None,None,1.0,0.015,1.09,18
decrement,0.6,41.0,standard,20.0,None,None,None,1.0,0.015,1.09,18
decrement,0.6,41.0,standard,20.0,None,None,None,1.0,0.015,1.09,18
decrement,0.6,41.0,standard,20.0,None,None,None,1.0,0.015,1.09,18
decrement,0.6,41.0,standard,20.0,None,None,None,1.0,0.015,1.09,18
decrement,0.6,41.0,standard,20.0,None,None,None,1.0,0.015,1.09,18
decrement,0.6,41.0,standard,20.0,None,None,None,1.0,0.015,1.09,18
decrement,0.6,41.0,standard,20.0,None,None,None,1.0,0.015,1.09,18
decrement,0.6,41.0,standard,20.0,None,None,None,1.0,0.015,1.09,18
decrement,0.6,41.0,standard,20.0,None,None,None,1.0,0.015,1.09,18
decrement,0.6,41.0,standard,20.0,None,None,None,1.0,0.015,1.09,18
decrement,0.24,42.0,oddball,20.0,j,0.6432865997776389,j,1.0,0.015,1.09,10
decrement,0.6,41.0,standard,20.0,None,None,None,1.0,0.015,1.09,18
decrement,0.6,41.0,standard,20.0,None,None,None,1.0,0.015,1.09,18
decrement,0.6,41.0,standard,20.0,None,None,None,1.0,0.015,1.09,18
decrement,0.48,44.0,oddball,20.0,j,None,None,0.0,0.015,1.09,16
decrement,0.6,41.0,standard,20.0,None,None,None,1.0,0.015,1.09,18
decrement,0.6,41.0,standard,20.0,None,None,None,1.0,0.015,1.09,18
decrement,0.6,41.0,standard,20.0,None,None,None,1.0,0.015,1.09,18
decrement,0.36,43.0,oddball,20.0,j,0.6807134998962283,j,1.0,0.015,1.09,13
decrement,0.6,41.0,standard,20.0,None,None,None,1.0,0.015,1.09,18
decrement,0.6,41.0,standard,20.0,None,None,None,1.0,0.015,1.09,18
decrement,0.6,41.0,standard,20.0,None,None,None,1.0,0.015,1.09,18
decrement,0.6,41.0,standard,20.0,None,None,None,1.0,0.015,1.09,18
decrement,0.6,41.0,standard,20.0,None,None,None,1.0,0.015,1.09,18
decrement,0.6,41.0,standard,20.0,None,None,None,1.0,0.015,1.09,18
decrement,0.6,41.0,standard,20.0,None,None,None,1.0,0.015,1.09,18
decrement,0.6,41.0,standard,20.0,None,None,None,1.0,0.015,1.09,18
decrement,0.6,41.0,standard,20.0,None,None,None,1.0,0.015,1.09,18
decrement,0.6,41.0,standard,20.0,None,None,None,1.0,0.015,1.09,18
decrement,0.6,41.0,standard,20.0,None,None,None,1.0,0.015,1.09,18
increment,0.6,45.0,standard,20.0,None,None,None,1.0,0.015,1.09,18
increment,0.6,45.0,standard,20.0,None,None,None,1.0,0.015,1.09,18
increment,0.6,45.0,standard,20.0,None,None,None,1.0,0.015,1.09,18
increment,0.6,45.0,standard,20.0,None,None,None,1.0,0.015,1.09,18
increment,0.6,45.0,standard,20.0,None,None,None,1.0,0.015,1.09,18
increment,0.6,45.0,standard,20.0,None,None,None,1.0,0.015,1.09,18
increment,0.84,47.0,oddball,20.0,j,None,None,0.0,0.015,1.09,21
increment,0.6,45.0,standard,20.0,None,None,None,1.0,0.015,1.09,18
increment,0.6,45.0,standard,20.0,None,None,None,1.0,0.015,1.09,18
increment,0.6,45.0,standard,20.0,None,None,None,1.0,0.015,1.09,18
increment,0.6,45.0,standard,20.0,None,None,None,1.0,0.015,1.09,18
increment,0.6,45.0,standard,20.0,None,None,None,1.0,0.015,1.09,18
increment,0.6,45.0,standard,20.0,None,None,None,1.0,0.015,1.09,18
increment,0.72,46.0,oddball,20.0,j,None,None,0.0,0.015,1.09,19
increment,0.6,45.0,standard,20.0,None,None,None,1.0,0.015,1.09,18
increment,0.6,45.0,standard,20.0,None,None,None,1.0,0.015,1.09,18
increment,0.6,45.0,standard,20.0,None,None,None,1.0,0.015,1.09,18
increment,0.6,45.0,standard,20.0,None,None,None,1.0,0.015,1.09,18
increment,0.6,45.0,standard,20.0,None,None,None,1.0,0.015,1.09,18
increment,0.6,45.0,standard,20.0,None,None,None,1.0,0.015,1.09,18
increment,0.6,45.0,standard,20.0,None,None,None,1.0,0.015,1.09,18
increment,0.6,45.0,standard,20.0,None,None,None,1.0,0.015,1.09,18
increment,0.6,45.0,standard,20.0,None,None,None,1.0,0.015,1.09,18
increment,0.6,45.0,standard,20.0,None,None,None,1.0,0.015,1.09,18
increment,0.6,45.0,standard,20.0,None,None,None,1.0,0.015,1.09,18
increment,0.6,45.0,standard,20.0,None,None,None,1.0,0.015,1.09,18
increment,0.6,45.0,standard,20.0,None,None,None,1.0,0.015,1.09,18
increment,0.96,48.0,oddball,20.0,j,0.2797556999139488,j,1.0,0.015,1.09,22
increment,0.6,45.0,standard,20.0,None,None,None,1.0,0.015,1.09,18
increment,0.6,45.0,standard,20.0,None,None,None,1.0,0.015,1.09,18
decrement,0.6,41.0,standard,20.0,None,None,None,1.0,0.015,1.09,18
decrement,0.6,41.0,standard,20.0,None,None,None,1.0,0.015,1.09,18
decrement,0.6,41.0,standard,20.0,None,None,None,1.0,0.015,1.09,18
decrement,0.6,41.0,standard,20.0,None,None,None,1.0,0.015,1.09,18
decrement,0.6,41.0,standard,20.0,None,None,None,1.0,0.015,1.09,18
decrement,0.6,41.0,standard,20.0,None,None,None,1.0,0.015,1.09,18
decrement,0.6,41.0,standard,20.0,None,None,None,1.0,0.015,1.09,18
decrement,0.6,41.0,standard,20.0,None,None,None,1.0,0.015,1.09,18
decrement,0.6,41.0,standard,20.0,None,None,None,1.0,0.015,1.09,18
decrement,0.6,41.0,standard,20.0,None,None,None,1.0,0.015,1.09,18
decrement,0.6,41.0,standard,20.0,None,None,None,1.0,0.015,1.09,18
decrement,0.6,41.0,standard,20.0,None,None,None,1.0,0.015,1.09,18
decrement,0.6,41.0,standard,20.0,None,None,None,1.0,0.015,1.09,18
decrement,0.6,41.0,standard,20.0,None,None,None,1.0,0.015,1.09,18
decrement,0.6,41.0,standard,20.0,None,None,None,1.0,0.015,1.09,18
decrement,0.6,41.0,standard,20.0,None,None,None,1.0,0.015,1.09,18
decrement,0.6,41.0,standard,20.0,None,None,None,1.0,0.015,1.09,18
decrement,0.6,41.0,standard,20.0,None,None,None,1.0,0.015,1.09,18
decrement,0.36,43.0,oddball,20.0,j,0.7693175002932549,j,1.0,0.015,1.09,13
decrement,0.6,41.0,standard,20.0,None,None,None,1.0,0.015,1.09,18
decrement,0.6,41.0,standard,20.0,None,None,None,1.0,0.015,1.09,18
decrement,0.6,41.0,standard,20.0,None,None,None,1.0,0.015,1.09,18
decrement,0.6,41.0,standard,20.0,None,None,None,1.0,0.015,1.09,18
decrement,0.6,41.0,standard,20.0,None,None,None,1.0,0.015,1.09,18
decrement,0.24,42.0,oddball,20.0,j,0.6809522998519242,j,1.0,0.015,1.09,10
decrement,0.6,41.0,standard,20.0,None,None,None,1.0,0.015,1.09,18
decrement,0.6,41.0,standard,20.0,None,None,None,1.0,0.015,1.09,18
decrement,0.6,41.0,standard,20.0,None,None,None,1.0,0.015,1.09,18
decrement,0.6,41.0,standard,20.0,None,None,None,1.0,0.015,1.09,18
decrement,0.48,44.0,oddball,20.0,j,1.060358100105077,j,1.0,0.015,1.09,16
increment,0.6,45.0,standard,20.0,None,None,None,1.0,0.015,1.09,18
increment,0.6,45.0,standard,20.0,None,None,None,1.0,0.015,1.09,18
increment,0.6,45.0,standard,20.0,None,None,None,1.0,0.015,1.09,18
increment,0.6,45.0,standard,20.0,None,None,None,1.0,0.015,1.09,18
increment,0.6,45.0,standard,20.0,None,None,None,1.0,0.015,1.09,18
increment,0.6,45.0,standard,20.0,None,None,None,1.0,0.015,1.09,18
increment,0.6,45.0,standard,20.0,None,None,None,1.0,0.015,1.09,18
increment,0.6,45.0,standard,20.0,None,None,None,1.0,0.015,1.09,18
increment,0.6,45.0,standard,20.0,None,None,None,1.0,0.015,1.09,18
increment,0.6,45.0,standard,20.0,None,None,None,1.0,0.015,1.09,18
increment,0.6,45.0,standard,20.0,None,None,None,1.0,0.015,1.09,18
increment,0.6,45.0,standard,20.0,None,None,None,1.0,0.015,1.09,18
increment,0.84,47.0,oddball,20.0,j,0.5150647000409663,j,1.0,0.015,1.09,21
increment,0.6,45.0,standard,20.0,None,None,None,1.0,0.015,1.09,18
increment,0.6,45.0,standard,20.0,None,None,None,1.0,0.015,1.09,18
increment,0.6,45.0,standard,20.0,None,None,None,1.0,0.015,1.09,18
increment,0.6,45.0,standard,20.0,None,None,None,1.0,0.015,1.09,18
increment,0.6,45.0,standard,20.0,None,None,None,1.0,0.015,1.09,18
increment,0.6,45.0,standard,20.0,None,None,None,1.0,0.015,1.09,18
increment,0.6,45.0,standard,20.0,None,None,None,1.0,0.015,1.09,18
increment,0.96,48.0,oddball,20.0,j,None,None,0.0,0.015,1.09,22
increment,0.6,45.0,standard,20.0,None,None,None,1.0,0.015,1.09,18
increment,0.6,45.0,standard,20.0,None,None,None,1.0,0.015,1.09,18
increment,0.6,45.0,standard,20.0,None,None,None,1.0,0.015,1.09,18
increment,0.6,45.0,standard,20.0,None,None,None,1.0,0.015,1.09,18
increment,0.6,45.0,standard,20.0,None,None,None,1.0,0.015,1.09,18
increment,0.6,45.0,standard,20.0,None,None,None,1.0,0.015,1.09,18
increment,0.6,45.0,standard,20.0,None,None,None,1.0,0.015,1.09,18
increment,0.72,46.0,oddball,20.0,j,None,None,0.0,0.015,1.09,19
increment,0.6,45.0,standard,20.0,None,None,None,1.0,0.015,1.09,18
decrement,0.6,41.0,standard,20.0,None,None,None,1.0,0.015,1.09,18
decrement,0.6,41.0,standard,20.0,None,None,None,1.0,0.015,1.09,18
decrement,0.6,41.0,standard,20.0,None,None,None,1.0,0.015,1.09,18
decrement,0.6,41.0,standard,20.0,None,None,None,1.0,0.015,1.09,18
decrement,0.6,41.0,standard,20.0,None,None,None,1.0,0.015,1.09,18
decrement,0.24,42.0,oddball,20.0,j,0.5234511997550726,j,1.0,0.015,1.09,10
decrement,0.6,41.0,standard,20.0,None,None,None,1.0,0.015,1.09,18
decrement,0.6,41.0,standard,20.0,None,None,None,1.0,0.015,1.09,18
decrement,0.6,41.0,standard,20.0,None,None,None,1.0,0.015,1.09,18
decrement,0.6,41.0,standard,20.0,None,None,None,1.0,0.015,1.09,18
decrement,0.6,41.0,standard,20.0,None,None,None,1.0,0.015,1.09,18
decrement,0.6,41.0,standard,20.0,None,None,None,1.0,0.015,1.09,18
decrement,0.6,41.0,standard,20.0,None,None,None,1.0,0.015,1.09,18
decrement,0.6,41.0,standard,20.0,None,None,None,1.0,0.015,1.09,18
decrement,0.36,43.0,oddball,20.0,j,0.7077895998954773,j,1.0,0.015,1.09,13
decrement,0.6,41.0,standard,20.0,None,None,None,1.0,0.015,1.09,18
decrement,0.6,41.0,standard,20.0,None,None,None,1.0,0.015,1.09,18
decrement,0.6,41.0,standard,20.0,None,None,None,1.0,0.015,1.09,18
decrement,0.48,44.0,oddball,20.0,j,None,None,0.0,0.015,1.09,16
decrement,0.6,41.0,standard,20.0,None,None,None,1.0,0.015,1.09,18
decrement,0.6,41.0,standard,20.0,None,None,None,1.0,0.015,1.09,18
decrement,0.6,41.0,standard,20.0,None,None,None,1.0,0.015,1.09,18
decrement,0.6,41.0,standard,20.0,None,None,None,1.0,0.015,1.09,18
decrement,0.6,41.0,standard,20.0,None,None,None,1.0,0.015,1.09,18
decrement,0.6,41.0,standard,20.0,None,None,None,1.0,0.015,1.09,18
decrement,0.6,41.0,standard,20.0,None,None,None,1.0,0.015,1.09,18
decrement,0.6,41.0,standard,20.0,None,None,None,1.0,0.015,1.09,18
decrement,0.6,41.0,standard,20.0,None,None,None,1.0,0.015,1.09,18
decrement,0.6,41.0,standard,20.0,None,None,None,1.0,0.015,1.09,18
decrement,0.6,41.0,standard,20.0,None,None,None,1.0,0.015,1.09,18
increment,0.6,45.0,standard,20.0,None,None,None,1.0,0.015,1.09,18
increment,0.6,45.0,standard,20.0,None,None,None,1.0,0.015,1.09,18
increment,0.6,45.0,standard,20.0,None,None,None,1.0,0.015,1.09,18
increment,0.6,45.0,standard,20.0,None,None,None,1.0,0.015,1.09,18
increment,0.6,45.0,standard,20.0,None,None,None,1.0,0.015,1.09,18
increment,0.6,45.0,standard,20.0,None,None,None,1.0,0.015,1.09,18
increment,0.6,45.0,standard,20.0,None,None,None,1.0,0.015,1.09,18
increment,0.6,45.0,standard,20.0,None,None,None,1.0,0.015,1.09,18
increment,0.6,45.0,standard,20.0,None,None,None,1.0,0.015,1.09,18
increment,0.6,45.0,standard,20.0,None,None,None,1.0,0.015,1.09,18
increment,0.6,45.0,standard,20.0,None,None,None,1.0,0.015,1.09,18
increment,0.96,48.0,oddball,20.0,j,None,None,0.0,0.015,1.09,22
increment,0.6,45.0,standard,20.0,None,None,None,1.0,0.015,1.09,18
increment,0.6,45.0,standard,20.0,None,None,None,1.0,0.015,1.09,18
increment,0.6,45.0,standard,20.0,None,None,None,1.0,0.015,1.09,18
increment,0.6,45.0,standard,20.0,None,None,None,1.0,0.015,1.09,18
increment,0.6,45.0,standard,20.0,None,None,None,1.0,0.015,1.09,18
increment,0.6,45.0,standard,20.0,None,None,None,1.0,0.015,1.09,18
increment,0.72,46.0,oddball,20.0,j,0.6313535002991557,j,1.0,0.015,1.09,19
increment,0.6,45.0,standard,20.0,None,None,None,1.0,0.015,1.09,18
increment,0.6,45.0,standard,20.0,None,None,None,1.0,0.015,1.09,18
increment,0.6,45.0,standard,20.0,None,None,None,1.0,0.015,1.09,18
increment,0.84,47.0,oddball,20.0,j,None,None,0.0,0.015,1.09,21
increment,0.6,45.0,standard,20.0,None,None,None,1.0,0.015,1.09,18
increment,0.6,45.0,standard,20.0,None,None,None,1.0,0.015,1.09,18
increment,0.6,45.0,standard,20.0,None,None,None,1.0,0.015,1.09,18
increment,0.6,45.0,standard,20.0,None,None,None,1.0,0.015,1.09,18
increment,0.6,45.0,standard,20.0,None,None,None,1.0,0.015,1.09,18
increment,0.6,45.0,standard,20.0,None,None,None,1.0,0.015,1.09,18
increment,0.6,45.0,standard,20.0,None,None,None,1.0,0.015,1.09,18
decrement,0.6,41.0,standard,20.0,None,None,None,1.0,0.015,1.09,18
decrement,0.6,41.0,standard,20.0,None,None,None,1.0,0.015,1.09,18
decrement,0.6,41.0,standard,20.0,None,None,None,1.0,0.015,1.09,18
decrement,0.6,41.0,standard,20.0,None,None,None,1.0,0.015,1.09,18
decrement,0.6,41.0,standard,20.0,None,None,None,1.0,0.015,1.09,18
decrement,0.6,41.0,standard,20.0,None,None,None,1.0,0.015,1.09,18
decrement,0.36,43.0,oddball,20.0,j,0.5968599999323487,j,1.0,0.015,1.09,13
decrement,0.6,41.0,standard,20.0,None,None,None,1.0,0.015,1.09,18
decrement,0.6,41.0,standard,20.0,None,None,None,1.0,0.015,1.09,18
decrement,0.6,41.0,standard,20.0,None,None,None,1.0,0.015,1.09,18
decrement,0.6,41.0,standard,20.0,None,None,None,1.0,0.015,1.09,18
decrement,0.6,41.0,standard,20.0,None,None,None,1.0,0.015,1.09,18
decrement,0.6,41.0,standard,20.0,None,None,None,1.0,0.015,1.09,18
decrement,0.6,41.0,standard,20.0,None,None,None,1.0,0.015,1.09,18
decrement,0.48,44.0,oddball,20.0,j,None,None,0.0,0.015,1.09,16
decrement,0.6,41.0,standard,20.0,None,None,None,1.0,0.015,1.09,18
decrement,0.6,41.0,standard,20.0,None,None,None,1.0,0.015,1.09,18
decrement,0.6,41.0,standard,20.0,None,None,None,1.0,0.015,1.09,18
decrement,0.6,41.0,standard,20.0,None,None,None,1.0,0.015,1.09,18
decrement,0.6,41.0,standard,20.0,None,None,None,1.0,0.015,1.09,18
decrement,0.6,41.0,standard,20.0,None,None,None,1.0,0.015,1.09,18
decrement,0.6,41.0,standard,20.0,None,None,None,1.0,0.015,1.09,18
decrement,0.6,41.0,standard,20.0,None,None,None,1.0,0.015,1.09,18
decrement,0.6,41.0,standard,20.0,None,None,None,1.0,0.015,1.09,18
decrement,0.6,41.0,standard,20.0,None,0.6807450000196695,j,0.0,0.015,1.09,18
decrement,0.6,41.0,standard,20.0,None,None,None,1.0,0.015,1.09,18
decrement,0.6,41.0,standard,20.0,None,None,None,1.0,0.015,1.09,18
decrement,0.24,42.0,oddball,20.0,j,0.5221611000597477,j,1.0,0.015,1.09,10
decrement,0.6,41.0,standard,20.0,None,None,None,1.0,0.015,1.09,18
decrement,0.6,41.0,standard,20.0,None,None,None,1.0,0.015,1.09,18
increment,0.6,45.0,standard,20.0,None,None,None,1.0,0.015,1.09,18
increment,0.6,45.0,standard,20.0,None,None,None,1.0,0.015,1.09,18
increment,0.6,45.0,standard,20.0,None,None,None,1.0,0.015,1.09,18
increment,0.6,45.0,standard,20.0,None,None,None,1.0,0.015,1.09,18
increment,0.6,45.0,standard,20.0,None,None,None,1.0,0.015,1.09,18
increment,0.6,45.0,standard,20.0,None,None,None,1.0,0.015,1.09,18
increment,0.6,45.0,standard,20.0,None,None,None,1.0,0.015,1.09,18
increment,0.6,45.0,standard,20.0,None,None,None,1.0,0.015,1.09,18
increment,0.6,45.0,standard,20.0,None,None,None,1.0,0.015,1.09,18
increment,0.6,45.0,standard,20.0,None,None,None,1.0,0.015,1.09,18
increment,0.6,45.0,standard,20.0,None,None,None,1.0,0.015,1.09,18
increment,0.6,45.0,standard,20.0,None,None,None,1.0,0.015,1.09,18
increment,0.6,45.0,standard,20.0,None,None,None,1.0,0.015,1.09,18
increment,0.6,45.0,standard,20.0,None,None,None,1.0,0.015,1.09,18
increment,0.6,45.0,standard,20.0,None,None,None,1.0,0.015,1.09,18
increment,0.6,45.0,standard,20.0,None,None,None,1.0,0.015,1.09,18
increment,0.96,48.0,oddball,20.0,j,0.3403404001146555,j,1.0,0.015,1.09,22
increment,0.6,45.0,standard,20.0,None,None,None,1.0,0.015,1.09,18
increment,0.6,45.0,standard,20.0,None,None,None,1.0,0.015,1.09,18
increment,0.6,45.0,standard,20.0,None,None,None,1.0,0.015,1.09,18
increment,0.84,47.0,oddball,20.0,j,0.7458810997195542,j,1.0,0.015,1.09,21
increment,0.6,45.0,standard,20.0,None,None,None,1.0,0.015,1.09,18
increment,0.6,45.0,standard,20.0,None,None,None,1.0,0.015,1.09,18
increment,0.6,45.0,standard,20.0,None,None,None,1.0,0.015,1.09,18
increment,0.6,45.0,standard,20.0,None,None,None,1.0,0.015,1.09,18
increment,0.6,45.0,standard,20.0,None,None,None,1.0,0.015,1.09,18
increment,0.6,45.0,standard,20.0,None,None,None,1.0,0.015,1.09,18
increment,0.72,46.0,oddball,20.0,j,None,None,0.0,0.015,1.09,19
increment,0.6,45.0,standard,20.0,None,None,None,1.0,0.015,1.09,18
increment,0.6,45.0,standard,20.0,None,None,None,1.0,0.015,1.09,18
decrement,0.6,1.0,standard,0.0,None,None,None,1.0,0.011,1.07,23
decrement,0.6,1.0,standard,0.0,None,None,None,1.0,0.011,1.07,23
decrement,0.6,1.0,standard,0.0,None,None,None,1.0,0.011,1.07,23
decrement,0.6,1.0,standard,0.0,None,None,None,1.0,0.011,1.07,23
decrement,0.6,1.0,standard,0.0,None,None,None,1.0,0.011,1.07,23
decrement,0.6,1.0,standard,0.0,None,None,None,1.0,0.011,1.07,23
decrement,0.6,1.0,standard,0.0,None,None,None,1.0,0.011,1.07,23
decrement,0.6,1.0,standard,0.0,None,None,None,1.0,0.011,1.07,23
decrement,0.36,3.0,oddball,0.0,j,None,None,0.0,0.011,1.07,18
decrement,0.6,1.0,standard,0.0,None,None,None,1.0,0.011,1.07,23
decrement,0.6,1.0,standard,0.0,None,None,None,1.0,0.011,1.07,23
decrement,0.6,1.0,standard,0.0,None,None,None,1.0,0.011,1.07,23
decrement,0.6,1.0,standard,0.0,None,None,None,1.0,0.011,1.07,23
decrement,0.6,1.0,standard,0.0,None,None,None,1.0,0.011,1.07,23
decrement,0.24,2.0,oddball,0.0,j,0.4656156003475189,j,1.0,0.011,1.07,14
decrement,0.6,1.0,standard,0.0,None,None,None,1.0,0.011,1.07,23
decrement,0.6,1.0,standard,0.0,None,None,None,1.0,0.011,1.07,23
decrement,0.6,1.0,standard,0.0,None,None,None,1.0,0.011,1.07,23
decrement,0.6,1.0,standard,0.0,None,None,None,1.0,0.011,1.07,23
decrement,0.6,1.0,standard,0.0,None,None,None,1.0,0.011,1.07,23
decrement,0.6,1.0,standard,0.0,None,None,None,1.0,0.011,1.07,23
decrement,0.6,1.0,standard,0.0,None,None,None,1.0,0.011,1.07,23
decrement,0.6,1.0,standard,0.0,None,None,None,1.0,0.011,1.07,23
decrement,0.6,1.0,standard,0.0,None,None,None,1.0,0.011,1.07,23
decrement,0.6,1.0,standard,0.0,None,None,None,1.0,0.011,1.07,23
decrement,0.6,1.0,standard,0.0,None,None,None,1.0,0.011,1.07,23
decrement,0.6,1.0,standard,0.0,None,None,None,1.0,0.011,1.07,23
decrement,0.48,4.0,oddball,0.0,j,None,None,0.0,0.011,1.07,21
decrement,0.6,1.0,standard,0.0,None,None,None,1.0,0.011,1.07,23
decrement,0.6,1.0,standard,0.0,None,None,None,1.0,0.011,1.07,23
increment,0.6,5.0,standard,0.0,None,None,None,1.0,0.011,1.07,23
increment,0.6,5.0,standard,0.0,None,None,None,1.0,0.011,1.07,23
increment,0.6,5.0,standard,0.0,None,None,None,1.0,0.011,1.07,23
increment,0.6,5.0,standard,0.0,None,None,None,1.0,0.011,1.07,23
increment,0.6,5.0,standard,0.0,None,None,None,1.0,0.011,1.07,23
increment,0.84,7.0,oddball,0.0,j,None,None,0.0,0.011,1.07,27
increment,0.6,5.0,standard,0.0,None,None,None,1.0,0.011,1.07,23
increment,0.6,5.0,standard,0.0,None,None,None,1.0,0.011,1.07,23
increment,0.6,5.0,standard,0.0,None,None,None,1.0,0.011,1.07,23
increment,0.72,6.0,oddball,0.0,j,None,None,0.0,0.011,1.07,25
increment,0.6,5.0,standard,0.0,None,None,None,1.0,0.011,1.07,23
increment,0.6,5.0,standard,0.0,None,None,None,1.0,0.011,1.07,23
increment,0.6,5.0,standard,0.0,None,None,None,1.0,0.011,1.07,23
increment,0.6,5.0,standard,0.0,None,None,None,1.0,0.011,1.07,23
increment,0.6,5.0,standard,0.0,None,None,None,1.0,0.011,1.07,23
increment,0.6,5.0,standard,0.0,None,None,None,1.0,0.011,1.07,23
increment,0.96,8.0,oddball,0.0,j,0.0811244999058544,j,1.0,0.011,1.07,29
increment,0.6,5.0,standard,0.0,None,None,None,1.0,0.011,1.07,23
increment,0.6,5.0,standard,0.0,None,None,None,1.0,0.011,1.07,23
increment,0.6,5.0,standard,0.0,None,None,None,1.0,0.011,1.07,23
increment,0.6,5.0,standard,0.0,None,None,None,1.0,0.011,1.07,23
increment,0.6,5.0,standard,0.0,None,None,None,1.0,0.011,1.07,23
increment,0.6,5.0,standard,0.0,None,None,None,1.0,0.011,1.07,23
increment,0.6,5.0,standard,0.0,None,None,None,1.0,0.011,1.07,23
increment,0.6,5.0,standard,0.0,None,None,None,1.0,0.011,1.07,23
increment,0.6,5.0,standard,0.0,None,None,None,1.0,0.011,1.07,23
increment,0.6,5.0,standard,0.0,None,None,None,1.0,0.011,1.07,23
increment,0.6,5.0,standard,0.0,None,None,None,1.0,0.011,1.07,23
increment,0.6,5.0,standard,0.0,None,None,None,1.0,0.011,1.07,23
increment,0.6,5.0,standard,0.0,None,None,None,1.0,0.011,1.07,23
decrement,0.6,1.0,standard,0.0,None,None,None,1.0,0.011,1.07,23
decrement,0.6,1.0,standard,0.0,None,None,None,1.0,0.011,1.07,23
decrement,0.6,1.0,standard,0.0,None,None,None,1.0,0.011,1.07,23
decrement,0.6,1.0,standard,0.0,None,None,None,1.0,0.011,1.07,23
decrement,0.6,1.0,standard,0.0,None,None,None,1.0,0.011,1.07,23
decrement,0.6,1.0,standard,0.0,None,None,None,1.0,0.011,1.07,23
decrement,0.6,1.0,standard,0.0,None,None,None,1.0,0.011,1.07,23
decrement,0.24,2.0,oddball,0.0,j,0.5475347000174224,j,1.0,0.011,1.07,14
decrement,0.6,1.0,standard,0.0,None,None,None,1.0,0.011,1.07,23
decrement,0.6,1.0,standard,0.0,None,None,None,1.0,0.011,1.07,23
decrement,0.6,1.0,standard,0.0,None,None,None,1.0,0.011,1.07,23
decrement,0.6,1.0,standard,0.0,None,None,None,1.0,0.011,1.07,23
decrement,0.36,3.0,oddball,0.0,j,0.5738559002056718,j,1.0,0.011,1.07,18
decrement,0.6,1.0,standard,0.0,None,None,None,1.0,0.011,1.07,23
decrement,0.6,1.0,standard,0.0,None,None,None,1.0,0.011,1.07,23
decrement,0.6,1.0,standard,0.0,None,None,None,1.0,0.011,1.07,23
decrement,0.6,1.0,standard,0.0,None,None,None,1.0,0.011,1.07,23
decrement,0.6,1.0,standard,0.0,None,None,None,1.0,0.011,1.07,23
decrement,0.6,1.0,standard,0.0,None,None,None,1.0,0.011,1.07,23
decrement,0.6,1.0,standard,0.0,None,None,None,1.0,0.011,1.07,23
decrement,0.6,1.0,standard,0.0,None,None,None,1.0,0.011,1.07,23
decrement,0.6,1.0,standard,0.0,None,None,None,1.0,0.011,1.07,23
decrement,0.48,4.0,oddball,0.0,j,None,None,0.0,0.011,1.07,21
decrement,0.6,1.0,standard,0.0,None,None,None,1.0,0.011,1.07,23
decrement,0.6,1.0,standard,0.0,None,None,None,1.0,0.011,1.07,23
decrement,0.6,1.0,standard,0.0,None,None,None,1.0,0.011,1.07,23
decrement,0.6,1.0,standard,0.0,None,None,None,1.0,0.011,1.07,23
decrement,0.6,1.0,standard,0.0,None,None,None,1.0,0.011,1.07,23
decrement,0.6,1.0,standard,0.0,None,None,None,1.0,0.011,1.07,23
decrement,0.6,1.0,standard,0.0,None,None,None,1.0,0.011,1.07,23
increment,0.6,5.0,standard,0.0,None,None,None,1.0,0.011,1.07,23
increment,0.6,5.0,standard,0.0,None,None,None,1.0,0.011,1.07,23
increment,0.6,5.0,standard,0.0,None,None,None,1.0,0.011,1.07,23
increment,0.6,5.0,standard,0.0,None,None,None,1.0,0.011,1.07,23
increment,0.6,5.0,standard,0.0,None,None,None,1.0,0.011,1.07,23
increment,0.6,5.0,standard,0.0,None,None,None,1.0,0.011,1.07,23
increment,0.72,6.0,oddball,0.0,j,0.5279632001183927,j,1.0,0.011,1.07,25
increment,0.6,5.0,standard,0.0,None,None,None,1.0,0.011,1.07,23
increment,0.6,5.0,standard,0.0,None,None,None,1.0,0.011,1.07,23
increment,0.6,5.0,standard,0.0,None,None,None,1.0,0.011,1.07,23
increment,0.6,5.0,standard,0.0,None,None,None,1.0,0.011,1.07,23
increment,0.6,5.0,standard,0.0,None,None,None,1.0,0.011,1.07,23
increment,0.6,5.0,standard,0.0,None,None,None,1.0,0.011,1.07,23
increment,0.6,5.0,standard,0.0,None,None,None,1.0,0.011,1.07,23
increment,0.96,8.0,oddball,0.0,j,0.3549460000358522,j,1.0,0.011,1.07,29
increment,0.6,5.0,standard,0.0,None,None,None,1.0,0.011,1.07,23
increment,0.6,5.0,standard,0.0,None,None,None,1.0,0.011,1.07,23
increment,0.6,5.0,standard,0.0,None,None,None,1.0,0.011,1.07,23
increment,0.6,5.0,standard,0.0,None,None,None,1.0,0.011,1.07,23
increment,0.6,5.0,standard,0.0,None,None,None,1.0,0.011,1.07,23
increment,0.6,5.0,standard,0.0,None,None,None,1.0,0.011,1.07,23
increment,0.6,5.0,standard,0.0,None,None,None,1.0,0.011,1.07,23
increment,0.6,5.0,standard,0.0,None,None,None,1.0,0.011,1.07,23
increment,0.6,5.0,standard,0.0,None,0.4474826999939978,j,0.0,0.011,1.07,23
increment,0.6,5.0,standard,0.0,None,None,None,1.0,0.011,1.07,23
increment,0.6,5.0,standard,0.0,None,None,None,1.0,0.011,1.07,23
increment,0.6,5.0,standard,0.0,None,None,None,1.0,0.011,1.07,23
increment,0.84,7.0,oddball,0.0,j,None,None,0.0,0.011,1.07,27
increment,0.6,5.0,standard,0.0,None,None,None,1.0,0.011,1.07,23
increment,0.6,5.0,standard,0.0,None,None,None,1.0,0.011,1.07,23
decrement,0.6,1.0,standard,0.0,None,None,None,1.0,0.011,1.07,23
decrement,0.6,1.0,standard,0.0,None,None,None,1.0,0.011,1.07,23
decrement,0.6,1.0,standard,0.0,None,None,None,1.0,0.011,1.07,23
decrement,0.6,1.0,standard,0.0,None,None,None,1.0,0.011,1.07,23
decrement,0.6,1.0,standard,0.0,None,None,None,1.0,0.011,1.07,23
decrement,0.6,1.0,standard,0.0,None,None,None,1.0,0.011,1.07,23
decrement,0.6,1.0,standard,0.0,None,None,None,1.0,0.011,1.07,23
decrement,0.6,1.0,standard,0.0,None,None,None,1.0,0.011,1.07,23
decrement,0.6,1.0,standard,0.0,None,None,None,1.0,0.011,1.07,23
decrement,0.36,3.0,oddball,0.0,j,0.435574600007385,j,1.0,0.011,1.07,18
decrement,0.6,1.0,standard,0.0,None,None,None,1.0,0.011,1.07,23
decrement,0.6,1.0,standard,0.0,None,None,None,1.0,0.011,1.07,23
decrement,0.6,1.0,standard,0.0,None,None,None,1.0,0.011,1.07,23
decrement,0.6,1.0,standard,0.0,None,None,None,1.0,0.011,1.07,23
decrement,0.6,1.0,standard,0.0,None,None,None,1.0,0.011,1.07,23
decrement,0.6,1.0,standard,0.0,None,None,None,1.0,0.011,1.07,23
decrement,0.48,4.0,oddball,0.0,j,None,None,0.0,0.011,1.07,21
decrement,0.6,1.0,standard,0.0,None,None,None,1.0,0.011,1.07,23
decrement,0.6,1.0,standard,0.0,None,None,None,1.0,0.011,1.07,23
decrement,0.6,1.0,standard,0.0,None,None,None,1.0,0.011,1.07,23
decrement,0.6,1.0,standard,0.0,None,None,None,1.0,0.011,1.07,23
decrement,0.6,1.0,standard,0.0,None,None,None,1.0,0.011,1.07,23
decrement,0.6,1.0,standard,0.0,None,None,None,1.0,0.011,1.07,23
decrement,0.6,1.0,standard,0.0,None,None,None,1.0,0.011,1.07,23
decrement,0.6,1.0,standard,0.0,None,None,None,1.0,0.011,1.07,23
decrement,0.6,1.0,standard,0.0,None,None,None,1.0,0.011,1.07,23
decrement,0.24,2.0,oddball,0.0,j,0.6436643996275961,j,1.0,0.011,1.07,14
decrement,0.6,1.0,standard,0.0,None,None,None,1.0,0.011,1.07,23
decrement,0.6,1.0,standard,0.0,None,None,None,1.0,0.011,1.07,23
decrement,0.6,1.0,standard,0.0,None,None,None,1.0,0.011,1.07,23
increment,0.6,5.0,standard,0.0,None,None,None,1.0,0.011,1.07,23
increment,0.6,5.0,standard,0.0,None,None,None,1.0,0.011,1.07,23
increment,0.6,5.0,standard,0.0,None,None,None,1.0,0.011,1.07,23
increment,0.6,5.0,standard,0.0,None,None,None,1.0,0.011,1.07,23
increment,0.6,5.0,standard,0.0,None,None,None,1.0,0.011,1.07,23
increment,0.6,5.0,standard,0.0,None,None,None,1.0,0.011,1.07,23
increment,0.96,8.0,oddball,0.0,j,0.4445839002728462,j,1.0,0.011,1.07,29
increment,0.6,5.0,standard,0.0,None,None,None,1.0,0.011,1.07,23
increment,0.6,5.0,standard,0.0,None,None,None,1.0,0.011,1.07,23
increment,0.6,5.0,standard,0.0,None,None,None,1.0,0.011,1.07,23
increment,0.6,5.0,standard,0.0,None,None,None,1.0,0.011,1.07,23
increment,0.6,5.0,standard,0.0,None,None,None,1.0,0.011,1.07,23
increment,0.6,5.0,standard,0.0,None,None,None,1.0,0.011,1.07,23
increment,0.6,5.0,standard,0.0,None,None,None,1.0,0.011,1.07,23
increment,0.6,5.0,standard,0.0,None,None,None,1.0,0.011,1.07,23
increment,0.6,5.0,standard,0.0,None,None,None,1.0,0.011,1.07,23
increment,0.6,5.0,standard,0.0,None,None,None,1.0,0.011,1.07,23
increment,0.6,5.0,standard,0.0,None,None,None,1.0,0.011,1.07,23
increment,0.6,5.0,standard,0.0,None,None,None,1.0,0.011,1.07,23
increment,0.6,5.0,standard,0.0,None,None,None,1.0,0.011,1.07,23
increment,0.6,5.0,standard,0.0,None,None,None,1.0,0.011,1.07,23
increment,0.72,6.0,oddball,0.0,j,None,None,0.0,0.011,1.07,25
increment,0.6,5.0,standard,0.0,None,None,None,1.0,0.011,1.07,23
increment,0.6,5.0,standard,0.0,None,None,None,1.0,0.011,1.07,23
increment,0.6,5.0,standard,0.0,None,None,None,1.0,0.011,1.07,23
increment,0.6,5.0,standard,0.0,None,None,None,1.0,0.011,1.07,23
increment,0.6,5.0,standard,0.0,None,None,None,1.0,0.011,1.07,23
increment,0.84,7.0,oddball,0.0,j,None,None,0.0,0.011,1.07,27
increment,0.6,5.0,standard,0.0,None,None,None,1.0,0.011,1.07,23
increment,0.6,5.0,standard,0.0,None,None,None,1.0,0.011,1.07,23
decrement,0.6,1.0,standard,0.0,None,None,None,1.0,0.011,1.07,23
decrement,0.6,1.0,standard,0.0,None,None,None,1.0,0.011,1.07,23
decrement,0.6,1.0,standard,0.0,None,None,None,1.0,0.011,1.07,23
decrement,0.6,1.0,standard,0.0,None,None,None,1.0,0.011,1.07,23
decrement,0.6,1.0,standard,0.0,None,None,None,1.0,0.011,1.07,23
decrement,0.6,1.0,standard,0.0,None,None,None,1.0,0.011,1.07,23
decrement,0.6,1.0,standard,0.0,None,None,None,1.0,0.011,1.07,23
decrement,0.6,1.0,standard,0.0,None,None,None,1.0,0.011,1.07,23
decrement,0.6,1.0,standard,0.0,None,None,None,1.0,0.011,1.07,23
decrement,0.6,1.0,standard,0.0,None,None,None,1.0,0.011,1.07,23
decrement,0.6,1.0,standard,0.0,None,None,None,1.0,0.011,1.07,23
decrement,0.6,1.0,standard,0.0,None,None,None,1.0,0.011,1.07,23
decrement,0.6,1.0,standard,0.0,None,None,None,1.0,0.011,1.07,23
decrement,0.6,1.0,standard,0.0,None,None,None,1.0,0.011,1.07,23
decrement,0.48,4.0,oddball,0.0,j,None,None,0.0,0.011,1.07,21
decrement,0.6,1.0,standard,0.0,None,None,None,1.0,0.011,1.07,23
decrement,0.6,1.0,standard,0.0,None,None,None,1.0,0.011,1.07,23
decrement,0.6,1.0,standard,0.0,None,None,None,1.0,0.011,1.07,23
decrement,0.6,1.0,standard,0.0,None,None,None,1.0,0.011,1.07,23
decrement,0.6,1.0,standard,0.0,None,None,None,1.0,0.011,1.07,23
decrement,0.6,1.0,standard,0.0,None,None,None,1.0,0.011,1.07,23
decrement,0.6,1.0,standard,0.0,None,None,None,1.0,0.011,1.07,23
decrement,0.6,1.0,standard,0.0,None,None,None,1.0,0.011,1.07,23
decrement,0.36,3.0,oddball,0.0,j,0.4187511997297406,j,1.0,0.011,1.07,18
decrement,0.6,1.0,standard,0.0,None,None,None,1.0,0.011,1.07,23
decrement,0.6,1.0,standard,0.0,None,None,None,1.0,0.011,1.07,23
decrement,0.6,1.0,standard,0.0,None,None,None,1.0,0.011,1.07,23
decrement,0.6,1.0,standard,0.0,None,None,None,1.0,0.011,1.07,23
decrement,0.24,2.0,oddball,0.0,j,0.7186669996008277,j,1.0,0.011,1.07,14
decrement,0.6,1.0,standard,0.0,None,None,None,1.0,0.011,1.07,23
increment,0.6,5.0,standard,0.0,None,None,None,1.0,0.011,1.07,23
increment,0.6,5.0,standard,0.0,None,None,None,1.0,0.011,1.07,23
increment,0.6,5.0,standard,0.0,None,None,None,1.0,0.011,1.07,23
increment,0.6,5.0,standard,0.0,None,None,None,1.0,0.011,1.07,23
increment,0.6,5.0,standard,0.0,None,None,None,1.0,0.011,1.07,23
increment,0.6,5.0,standard,0.0,None,None,None,1.0,0.011,1.07,23
increment,0.6,5.0,standard,0.0,None,None,None,1.0,0.011,1.07,23
increment,0.6,5.0,standard,0.0,None,None,None,1.0,0.011,1.07,23
increment,0.96,8.0,oddball,0.0,j,0.2873585000634193,j,1.0,0.011,1.07,29
increment,0.6,5.0,standard,0.0,None,None,None,1.0,0.011,1.07,23
increment,0.6,5.0,standard,0.0,None,None,None,1.0,0.011,1.07,23
increment,0.6,5.0,standard,0.0,None,None,None,1.0,0.011,1.07,23
increment,0.6,5.0,standard,0.0,None,None,None,1.0,0.011,1.07,23
increment,0.6,5.0,standard,0.0,None,None,None,1.0,0.011,1.07,23
increment,0.72,6.0,oddball,0.0,j,None,None,0.0,0.011,1.07,25
increment,0.6,5.0,standard,0.0,None,None,None,1.0,0.011,1.07,23
increment,0.6,5.0,standard,0.0,None,None,None,1.0,0.011,1.07,23
increment,0.6,5.0,standard,0.0,None,None,None,1.0,0.011,1.07,23
increment,0.6,5.0,standard,0.0,None,None,None,1.0,0.011,1.07,23
increment,0.6,5.0,standard,0.0,None,None,None,1.0,0.011,1.07,23
increment,0.6,5.0,standard,0.0,None,None,None,1.0,0.011,1.07,23
increment,0.84,7.0,oddball,0.0,j,0.4315092000178993,j,1.0,0.011,1.07,27
increment,0.6,5.0,standard,0.0,None,None,None,1.0,0.011,1.07,23
increment,0.6,5.0,standard,0.0,None,None,None,1.0,0.011,1.07,23
increment,0.6,5.0,standard,0.0,None,None,None,1.0,0.011,1.07,23
increment,0.6,5.0,standard,0.0,None,None,None,1.0,0.011,1.07,23
increment,0.6,5.0,standard,0.0,None,None,None,1.0,0.011,1.07,23
increment,0.6,5.0,standard,0.0,None,None,None,1.0,0.011,1.07,23
increment,0.6,5.0,standard,0.0,None,None,None,1.0,0.011,1.07,23
increment,0.6,5.0,standard,0.0,None,None,None,1.0,0.011,1.07,23
decrement,0.6,1.0,standard,0.0,None,None,None,1.0,0.011,1.07,23
decrement,0.6,1.0,standard,0.0,None,None,None,1.0,0.011,1.07,23
decrement,0.6,1.0,standard,0.0,None,None,None,1.0,0.011,1.07,23
decrement,0.6,1.0,standard,0.0,None,None,None,1.0,0.011,1.07,23
decrement,0.6,1.0,standard,0.0,None,None,None,1.0,0.011,1.07,23
decrement,0.6,1.0,standard,0.0,None,None,None,1.0,0.011,1.07,23
decrement,0.6,1.0,standard,0.0,None,None,None,1.0,0.011,1.07,23
decrement,0.6,1.0,standard,0.0,None,None,None,1.0,0.011,1.07,23
decrement,0.6,1.0,standard,0.0,None,None,None,1.0,0.011,1.07,23
decrement,0.6,1.0,standard,0.0,None,0.3002515998668968,j,0.0,0.011,1.07,23
decrement,0.6,1.0,standard,0.0,None,None,None,1.0,0.011,1.07,23
decrement,0.6,1.0,standard,0.0,None,None,None,1.0,0.011,1.07,23
decrement,0.6,1.0,standard,0.0,None,None,None,1.0,0.011,1.07,23
decrement,0.24,2.0,oddball,0.0,j,0.4926162003539502,j,1.0,0.011,1.07,14
decrement,0.6,1.0,standard,0.0,None,None,None,1.0,0.011,1.07,23
decrement,0.6,1.0,standard,0.0,None,None,None,1.0,0.011,1.07,23
decrement,0.6,1.0,standard,0.0,None,None,None,1.0,0.011,1.07,23
decrement,0.6,1.0,standard,0.0,None,None,None,1.0,0.011,1.07,23
decrement,0.36,3.0,oddball,0.0,j,1.0299517000094056,j,1.0,0.011,1.07,18
decrement,0.6,1.0,standard,0.0,None,None,None,1.0,0.011,1.07,23
decrement,0.6,1.0,standard,0.0,None,None,None,1.0,0.011,1.07,23
decrement,0.6,1.0,standard,0.0,None,None,None,1.0,0.011,1.07,23
decrement,0.6,1.0,standard,0.0,None,None,None,1.0,0.011,1.07,23
decrement,0.6,1.0,standard,0.0,None,None,None,1.0,0.011,1.07,23
decrement,0.6,1.0,standard,0.0,None,None,None,1.0,0.011,1.07,23
decrement,0.6,1.0,standard,0.0,None,None,None,1.0,0.011,1.07,23
decrement,0.6,1.0,standard,0.0,None,None,None,1.0,0.011,1.07,23
decrement,0.48,4.0,oddball,0.0,j,None,None,0.0,0.011,1.07,21
decrement,0.6,1.0,standard,0.0,None,None,None,1.0,0.011,1.07,23
decrement,0.6,1.0,standard,0.0,None,None,None,1.0,0.011,1.07,23
increment,0.6,5.0,standard,0.0,None,None,None,1.0,0.011,1.07,23
increment,0.6,5.0,standard,0.0,None,None,None,1.0,0.011,1.07,23
increment,0.6,5.0,standard,0.0,None,None,None,1.0,0.011,1.07,23
increment,0.6,5.0,standard,0.0,None,None,None,1.0,0.011,1.07,23
increment,0.6,5.0,standard,0.0,None,None,None,1.0,0.011,1.07,23
increment,0.6,5.0,standard,0.0,None,None,None,1.0,0.011,1.07,23
increment,0.6,5.0,standard,0.0,None,None,None,1.0,0.011,1.07,23
increment,0.6,5.0,standard,0.0,None,None,None,1.0,0.011,1.07,23
increment,0.6,5.0,standard,0.0,None,None,None,1.0,0.011,1.07,23
increment,0.6,5.0,standard,0.0,None,None,None,1.0,0.011,1.07,23
increment,0.6,5.0,standard,0.0,None,None,None,1.0,0.011,1.07,23
increment,0.6,5.0,standard,0.0,None,None,None,1.0,0.011,1.07,23
increment,0.6,5.0,standard,0.0,None,None,None,1.0,0.011,1.07,23
increment,0.6,5.0,standard,0.0,None,None,None,1.0,0.011,1.07,23
increment,0.6,5.0,standard,0.0,None,None,None,1.0,0.011,1.07,23
increment,0.6,5.0,standard,0.0,None,None,None,1.0,0.011,1.07,23
increment,0.6,5.0,standard,0.0,None,None,None,1.0,0.011,1.07,23
increment,0.84,7.0,oddball,0.0,j,None,None,0.0,0.011,1.07,27
increment,0.6,5.0,standard,0.0,None,None,None,1.0,0.011,1.07,23
increment,0.6,5.0,standard,0.0,None,None,None,1.0,0.011,1.07,23
increment,0.6,5.0,standard,0.0,None,None,None,1.0,0.011,1.07,23
increment,0.6,5.0,standard,0.0,None,None,None,1.0,0.011,1.07,23
increment,0.72,6.0,oddball,0.0,j,None,None,0.0,0.011,1.07,25
increment,0.6,5.0,standard,0.0,None,None,None,1.0,0.011,1.07,23
increment,0.6,5.0,standard,0.0,None,None,None,1.0,0.011,1.07,23
increment,0.6,5.0,standard,0.0,None,None,None,1.0,0.011,1.07,23
increment,0.96,8.0,oddball,0.0,j,0.3493317998945713,j,1.0,0.011,1.07,29
increment,0.6,5.0,standard,0.0,None,None,None,1.0,0.011,1.07,23
increment,0.6,5.0,standard,0.0,None,None,None,1.0,0.011,1.07,23
increment,0.6,5.0,standard,0.0,None,None,None,1.0,0.011,1.07,23
