direction,duration,trigger,stim_type,grating_freq,corr_ans,resp.rt,resp.keys,resp.corr,sim_resp,best_model
increament,0.6,5.0,standard,0.0,None,None,None,1.0,None,nonadapt
increament,0.6,5.0,standard,0.0,None,None,None,1.0,None,nonadapt
increament,0.6,5.0,standard,0.0,None,None,None,1.0,None,nonadapt
increament,0.6,5.0,standard,0.0,None,None,None,1.0,None,nonadapt
increament,0.6,5.0,standard,0.0,None,None,None,1.0,None,nonadapt
increament,0.6,5.0,standard,0.0,None,None,None,1.0,None,nonadapt
increament,0.6,5.0,standard,0.0,None,None,None,1.0,None,nonadapt
increament,0.96,8.0,oddball,0.0,j,1.2116319998167455,j,1.0,j,nonadapt
increament,0.6,5.0,standard,0.0,None,None,None,1.0,None,nonadapt
increament,0.6,5.0,standard,0.0,None,0.941575099946931,j,0.0,None,nonadapt
increament,0.6,5.0,standard,0.0,None,None,None,1.0,None,nonadapt
increament,0.6,5.0,standard,0.0,None,None,None,1.0,None,nonadapt
increament,0.6,5.0,standard,0.0,None,None,None,1.0,None,nonadapt
increament,0.6,5.0,standard,0.0,None,None,None,1.0,None,nonadapt
increament,0.6,5.0,standard,0.0,None,0.9955666000023484,j,0.0,None,nonadapt
increament,0.6,5.0,standard,0.0,None,None,None,1.0,None,nonadapt
increament,0.6,5.0,standard,0.0,None,None,None,1.0,None,nonadapt
increament,0.72,6.0,oddball,0.0,j,0.4726034000050276,j,1.0,None,nonadapt
increament,0.6,5.0,standard,0.0,None,None,None,1.0,None,nonadapt
increament,0.6,5.0,standard,0.0,None,None,None,1.0,None,nonadapt
increament,0.6,5.0,standard,0.0,None,None,None,1.0,None,nonadapt
increament,0.6,5.0,standard,0.0,None,None,None,1.0,None,nonadapt
increament,0.6,5.0,standard,0.0,None,None,None,1.0,None,nonadapt
increament,0.6,5.0,standard,0.0,None,None,None,1.0,None,nonadapt
increament,0.6,5.0,standard,0.0,None,None,None,1.0,None,nonadapt
increament,0.6,5.0,standard,0.0,None,None,None,1.0,None,nonadapt
increament,0.6,5.0,standard,0.0,None,None,None,1.0,None,nonadapt
increament,0.6,5.0,standard,0.0,None,None,None,1.0,None,nonadapt
increament,0.6,5.0,standard,0.0,None,None,None,1.0,None,nonadapt
increament,0.84,7.0,oddball,0.0,j,0.496631900081411,j,1.0,j,nonadapt
decreament,0.6,1.0,standard,0.0,None,None,None,1.0,None,nonadapt
decreament,0.6,1.0,standard,0.0,None,None,None,1.0,None,nonadapt
decreament,0.6,1.0,standard,0.0,None,None,None,1.0,None,nonadapt
decreament,0.6,1.0,standard,0.0,None,None,None,1.0,None,nonadapt
decreament,0.6,1.0,standard,0.0,None,None,None,1.0,None,nonadapt
decreament,0.36,3.0,oddball,0.0,j,0.7817695999983698,j,1.0,j,nonadapt
decreament,0.6,1.0,standard,0.0,None,None,None,1.0,None,nonadapt
decreament,0.6,1.0,standard,0.0,None,None,None,1.0,None,nonadapt
decreament,0.6,1.0,standard,0.0,None,None,None,1.0,None,nonadapt
decreament,0.6,1.0,standard,0.0,None,None,None,1.0,None,nonadapt
decreament,0.6,1.0,standard,0.0,None,None,None,1.0,None,nonadapt
decreament,0.6,1.0,standard,0.0,None,None,None,1.0,None,nonadapt
decreament,0.6,1.0,standard,0.0,None,None,None,1.0,None,nonadapt
decreament,0.6,1.0,standard,0.0,None,1.457484200131148,j,0.0,None,nonadapt
decreament,0.6,1.0,standard,0.0,None,None,None,1.0,None,nonadapt
decreament,0.6,1.0,standard,0.0,None,None,None,1.0,j,nonadapt
decreament,0.6,1.0,standard,0.0,None,0.8940808000043035,j,0.0,None,nonadapt
decreament,0.6,1.0,standard,0.0,None,None,None,1.0,None,nonadapt
decreament,0.6,1.0,standard,0.0,None,None,None,1.0,None,nonadapt
decreament,0.6,1.0,standard,0.0,None,None,None,1.0,None,nonadapt
decreament,0.6,1.0,standard,0.0,None,None,None,1.0,None,nonadapt
decreament,0.24,2.0,oddball,0.0,j,None,None,0.0,j,nonadapt
decreament,0.6,1.0,standard,0.0,None,None,None,1.0,None,nonadapt
decreament,0.6,1.0,standard,0.0,None,0.9716922999359668,j,0.0,None,nonadapt
decreament,0.6,1.0,standard,0.0,None,None,None,1.0,None,nonadapt
decreament,0.6,1.0,standard,0.0,None,None,None,1.0,None,nonadapt
decreament,0.48,4.0,oddball,0.0,j,None,None,0.0,j,nonadapt
decreament,0.6,1.0,standard,0.0,None,None,None,1.0,None,nonadapt
decreament,0.6,1.0,standard,0.0,None,None,None,1.0,None,nonadapt
decreament,0.6,1.0,standard,0.0,None,None,None,1.0,None,nonadapt
increament,0.6,5.0,standard,0.0,None,None,None,1.0,None,nonadapt
increament,0.6,5.0,standard,0.0,None,None,None,1.0,None,nonadapt
increament,0.6,5.0,standard,0.0,None,None,None,1.0,None,nonadapt
increament,0.6,5.0,standard,0.0,None,None,None,1.0,None,nonadapt
increament,0.6,5.0,standard,0.0,None,None,None,1.0,None,nonadapt
increament,0.6,5.0,standard,0.0,None,None,None,1.0,None,nonadapt
increament,0.6,5.0,standard,0.0,None,None,None,1.0,None,nonadapt
increament,0.84,7.0,oddball,0.0,j,None,None,0.0,None,nonadapt
increament,0.6,5.0,standard,0.0,None,None,None,1.0,None,nonadapt
increament,0.6,5.0,standard,0.0,None,1.3543200001586229,j,0.0,None,nonadapt
increament,0.6,5.0,standard,0.0,None,None,None,1.0,None,nonadapt
increament,0.6,5.0,standard,0.0,None,None,None,1.0,None,nonadapt
increament,0.72,6.0,oddball,0.0,j,None,None,0.0,None,nonadapt
increament,0.6,5.0,standard,0.0,None,None,None,1.0,None,nonadapt
increament,0.6,5.0,standard,0.0,None,None,None,1.0,None,nonadapt
increament,0.6,5.0,standard,0.0,None,None,None,1.0,None,nonadapt
increament,0.6,5.0,standard,0.0,None,None,None,1.0,None,nonadapt
increament,0.6,5.0,standard,0.0,None,None,None,1.0,None,nonadapt
increament,0.6,5.0,standard,0.0,None,None,None,1.0,None,nonadapt
increament,0.6,5.0,standard,0.0,None,None,None,1.0,None,nonadapt
increament,0.6,5.0,standard,0.0,None,None,None,1.0,None,nonadapt
increament,0.6,5.0,standard,0.0,None,None,None,1.0,None,nonadapt
increament,0.6,5.0,standard,0.0,None,None,None,1.0,None,nonadapt
increament,0.6,5.0,standard,0.0,None,0.5620500000659376,j,0.0,None,nonadapt
increament,0.96,8.0,oddball,0.0,j,0.6647427999414504,j,1.0,None,nonadapt
increament,0.6,5.0,standard,0.0,None,None,None,1.0,None,nonadapt
increament,0.6,5.0,standard,0.0,None,None,None,1.0,None,nonadapt
increament,0.6,5.0,standard,0.0,None,None,None,1.0,None,nonadapt
increament,0.6,5.0,standard,0.0,None,None,None,1.0,None,nonadapt
increament,0.6,5.0,standard,0.0,None,None,None,1.0,None,nonadapt
decreament,0.6,1.0,standard,0.0,None,None,None,1.0,None,nonadapt
decreament,0.6,1.0,standard,0.0,None,None,None,1.0,j,nonadapt
decreament,0.6,1.0,standard,0.0,None,None,None,1.0,None,nonadapt
decreament,0.6,1.0,standard,0.0,None,None,None,1.0,j,nonadapt
decreament,0.6,1.0,standard,0.0,None,None,None,1.0,None,nonadapt
decreament,0.6,1.0,standard,0.0,None,None,None,1.0,None,nonadapt
decreament,0.6,1.0,standard,0.0,None,None,None,1.0,j,nonadapt
decreament,0.36,3.0,oddball,0.0,j,0.8790879000443965,j,1.0,j,nonadapt
decreament,0.6,1.0,standard,0.0,None,None,None,1.0,j,nonadapt
decreament,0.6,1.0,standard,0.0,None,None,None,1.0,None,nonadapt
decreament,0.6,1.0,standard,0.0,None,None,None,1.0,None,nonadapt
decreament,0.6,1.0,standard,0.0,None,None,None,1.0,None,nonadapt
decreament,0.6,1.0,standard,0.0,None,None,None,1.0,None,nonadapt
decreament,0.6,1.0,standard,0.0,None,None,None,1.0,None,nonadapt
decreament,0.6,1.0,standard,0.0,None,None,None,1.0,None,nonadapt
decreament,0.6,1.0,standard,0.0,None,None,None,1.0,None,nonadapt
decreament,0.6,1.0,standard,0.0,None,None,None,1.0,None,nonadapt
decreament,0.6,1.0,standard,0.0,None,None,None,1.0,None,nonadapt
decreament,0.6,1.0,standard,0.0,None,0.5879141998011619,j,0.0,None,nonadapt
decreament,0.6,1.0,standard,0.0,None,None,None,1.0,None,nonadapt
decreament,0.6,1.0,standard,0.0,None,None,None,1.0,None,nonadapt
decreament,0.6,1.0,standard,0.0,None,None,None,1.0,None,nonadapt
decreament,0.6,1.0,standard,0.0,None,None,None,1.0,None,nonadapt
decreament,0.48,4.0,oddball,0.0,j,None,None,0.0,j,nonadapt
decreament,0.6,1.0,standard,0.0,None,None,None,1.0,None,nonadapt
decreament,0.6,1.0,standard,0.0,None,None,None,1.0,None,nonadapt
decreament,0.6,1.0,standard,0.0,None,None,None,1.0,None,nonadapt
decreament,0.24,2.0,oddball,0.0,j,0.8528412999585271,j,1.0,j,nonadapt
decreament,0.6,1.0,standard,0.0,None,0.6698593001347035,j,0.0,None,nonadapt
decreament,0.6,1.0,standard,0.0,None,None,None,1.0,j,nonadapt
increament,0.6,5.0,standard,0.0,None,None,None,1.0,None,nonadapt
increament,0.6,5.0,standard,0.0,None,None,None,1.0,None,nonadapt
increament,0.6,5.0,standard,0.0,None,None,None,1.0,None,nonadapt
increament,0.6,5.0,standard,0.0,None,None,None,1.0,None,nonadapt
increament,0.6,5.0,standard,0.0,None,None,None,1.0,None,nonadapt
increament,0.6,5.0,standard,0.0,None,None,None,1.0,None,nonadapt
increament,0.6,5.0,standard,0.0,None,None,None,1.0,None,nonadapt
increament,0.6,5.0,standard,0.0,None,None,None,1.0,None,nonadapt
increament,0.6,5.0,standard,0.0,None,0.3631615999620408,j,0.0,j,nonadapt
increament,0.96,8.0,oddball,0.0,j,None,None,0.0,j,nonadapt
increament,0.6,5.0,standard,0.0,None,None,None,1.0,None,nonadapt
increament,0.6,5.0,standard,0.0,None,None,None,1.0,None,nonadapt
increament,0.6,5.0,standard,0.0,None,None,None,1.0,None,nonadapt
increament,0.6,5.0,standard,0.0,None,None,None,1.0,None,nonadapt
increament,0.72,6.0,oddball,0.0,j,0.4302844000048935,j,1.0,None,nonadapt
increament,0.6,5.0,standard,0.0,None,0.4854876000899821,j,0.0,None,nonadapt
increament,0.6,5.0,standard,0.0,None,None,None,1.0,None,nonadapt
increament,0.6,5.0,standard,0.0,None,None,None,1.0,None,nonadapt
increament,0.6,5.0,standard,0.0,None,0.7720246999524534,j,0.0,None,nonadapt
increament,0.84,7.0,oddball,0.0,j,0.4888230001088232,j,1.0,None,nonadapt
increament,0.6,5.0,standard,0.0,None,None,None,1.0,None,nonadapt
increament,0.6,5.0,standard,0.0,None,None,None,1.0,None,nonadapt
increament,0.6,5.0,standard,0.0,None,None,None,1.0,None,nonadapt
increament,0.6,5.0,standard,0.0,None,None,None,1.0,None,nonadapt
increament,0.6,5.0,standard,0.0,None,None,None,1.0,None,nonadapt
increament,0.6,5.0,standard,0.0,None,None,None,1.0,None,nonadapt
increament,0.6,5.0,standard,0.0,None,None,None,1.0,None,nonadapt
increament,0.6,5.0,standard,0.0,None,None,None,1.0,None,nonadapt
increament,0.6,5.0,standard,0.0,None,None,None,1.0,None,nonadapt
increament,0.6,5.0,standard,0.0,None,None,None,1.0,None,nonadapt
decreament,0.6,1.0,standard,0.0,None,None,None,1.0,None,nonadapt
decreament,0.6,1.0,standard,0.0,None,None,None,1.0,None,nonadapt
decreament,0.6,1.0,standard,0.0,None,None,None,1.0,None,nonadapt
decreament,0.6,1.0,standard,0.0,None,None,None,1.0,None,nonadapt
decreament,0.6,1.0,standard,0.0,None,None,None,1.0,None,nonadapt
decreament,0.6,1.0,standard,0.0,None,None,None,1.0,None,nonadapt
decreament,0.6,1.0,standard,0.0,None,None,None,1.0,j,nonadapt
decreament,0.48,4.0,oddball,0.0,j,None,None,0.0,j,nonadapt
decreament,0.6,1.0,standard,0.0,None,None,None,1.0,None,nonadapt
decreament,0.6,1.0,standard,0.0,None,None,None,1.0,None,nonadapt
decreament,0.6,1.0,standard,0.0,None,None,None,1.0,None,nonadapt
decreament,0.6,1.0,standard,0.0,None,None,None,1.0,None,nonadapt
decreament,0.6,1.0,standard,0.0,None,None,None,1.0,None,nonadapt
decreament,0.6,1.0,standard,0.0,None,0.5454235998913646,j,0.0,None,nonadapt
decreament,0.36,3.0,oddball,0.0,j,0.8518691000062972,j,1.0,j,nonadapt
decreament,0.6,1.0,standard,0.0,None,None,None,1.0,j,nonadapt
decreament,0.6,1.0,standard,0.0,None,None,None,1.0,None,nonadapt
decreament,0.6,1.0,standard,0.0,None,None,None,1.0,j,nonadapt
decreament,0.6,1.0,standard,0.0,None,None,None,1.0,j,nonadapt
decreament,0.6,1.0,standard,0.0,None,None,None,1.0,None,nonadapt
decreament,0.6,1.0,standard,0.0,None,None,None,1.0,None,nonadapt
decreament,0.6,1.0,standard,0.0,None,None,None,1.0,None,nonadapt
decreament,0.6,1.0,standard,0.0,None,None,None,1.0,None,nonadapt
decreament,0.6,1.0,standard,0.0,None,None,None,1.0,None,nonadapt
decreament,0.24,2.0,oddball,0.0,j,0.5103069001343101,j,1.0,j,nonadapt
decreament,0.6,1.0,standard,0.0,None,None,None,1.0,None,nonadapt
decreament,0.6,1.0,standard,0.0,None,None,None,1.0,None,nonadapt
decreament,0.6,1.0,standard,0.0,None,None,None,1.0,None,nonadapt
decreament,0.6,1.0,standard,0.0,None,None,None,1.0,None,nonadapt
decreament,0.6,1.0,standard,0.0,None,None,None,1.0,j,nonadapt
increament,0.6,5.0,standard,0.0,None,None,None,1.0,None,nonadapt
increament,0.6,5.0,standard,0.0,None,None,None,1.0,None,nonadapt
increament,0.6,5.0,standard,0.0,None,None,None,1.0,None,nonadapt
increament,0.6,5.0,standard,0.0,None,None,None,1.0,None,nonadapt
increament,0.6,5.0,standard,0.0,None,None,None,1.0,None,nonadapt
increament,0.6,5.0,standard,0.0,None,None,None,1.0,None,nonadapt
increament,0.6,5.0,standard,0.0,None,None,None,1.0,None,nonadapt
increament,0.6,5.0,standard,0.0,None,None,None,1.0,None,nonadapt
increament,0.6,5.0,standard,0.0,None,1.0790635999292135,j,0.0,None,nonadapt
increament,0.6,5.0,standard,0.0,None,None,None,1.0,None,nonadapt
increament,0.6,5.0,standard,0.0,None,None,None,1.0,None,nonadapt
increament,0.6,5.0,standard,0.0,None,None,None,1.0,None,nonadapt
increament,0.72,6.0,oddball,0.0,j,0.4517645998857915,j,1.0,None,nonadapt
increament,0.6,5.0,standard,0.0,None,None,None,1.0,None,nonadapt
increament,0.6,5.0,standard,0.0,None,None,None,1.0,None,nonadapt
increament,0.6,5.0,standard,0.0,None,None,None,1.0,None,nonadapt
increament,0.6,5.0,standard,0.0,None,None,None,1.0,None,nonadapt
increament,0.6,5.0,standard,0.0,None,None,None,1.0,None,nonadapt
increament,0.6,5.0,standard,0.0,None,None,None,1.0,None,nonadapt
increament,0.6,5.0,standard,0.0,None,1.4364163000136614,j,0.0,None,nonadapt
increament,0.6,5.0,standard,0.0,None,None,None,1.0,None,nonadapt
increament,0.6,5.0,standard,0.0,None,None,None,1.0,None,nonadapt
increament,0.6,5.0,standard,0.0,None,None,None,1.0,None,nonadapt
increament,0.96,8.0,oddball,0.0,j,0.8627122000325471,j,1.0,None,nonadapt
increament,0.6,5.0,standard,0.0,None,None,None,1.0,None,nonadapt
increament,0.6,5.0,standard,0.0,None,None,None,1.0,None,nonadapt
increament,0.6,5.0,standard,0.0,None,None,None,1.0,None,nonadapt
increament,0.6,5.0,standard,0.0,None,None,None,1.0,None,nonadapt
increament,0.84,7.0,oddball,0.0,j,0.5990422000177205,j,1.0,j,nonadapt
increament,0.6,5.0,standard,0.0,None,None,None,1.0,None,nonadapt
decreament,0.6,1.0,standard,0.0,None,None,None,1.0,None,nonadapt
decreament,0.6,1.0,standard,0.0,None,None,None,1.0,None,nonadapt
decreament,0.6,1.0,standard,0.0,None,None,None,1.0,None,nonadapt
decreament,0.6,1.0,standard,0.0,None,None,None,1.0,None,nonadapt
decreament,0.6,1.0,standard,0.0,None,None,None,1.0,None,nonadapt
decreament,0.6,1.0,standard,0.0,None,None,None,1.0,None,nonadapt
decreament,0.6,1.0,standard,0.0,None,None,None,1.0,None,nonadapt
decreament,0.6,1.0,standard,0.0,None,None,None,1.0,None,nonadapt
decreament,0.6,1.0,standard,0.0,None,None,None,1.0,j,nonadapt
decreament,0.6,1.0,standard,0.0,None,None,None,1.0,None,nonadapt
decreament,0.6,1.0,standard,0.0,None,None,None,1.0,None,nonadapt
decreament,0.48,4.0,oddball,0.0,j,None,None,0.0,None,nonadapt
decreament,0.6,1.0,standard,0.0,None,None,None,1.0,None,nonadapt
decreament,0.6,1.0,standard,0.0,None,None,None,1.0,None,nonadapt
decreament,0.6,1.0,standard,0.0,None,None,None,1.0,None,nonadapt
decreament,0.6,1.0,standard,0.0,None,None,None,1.0,None,nonadapt
decreament,0.6,1.0,standard,0.0,None,None,None,1.0,None,nonadapt
decreament,0.6,1.0,standard,0.0,None,None,None,1.0,None,nonadapt
decreament,0.24,2.0,oddball,0.0,j,1.0528567000292242,j,1.0,j,nonadapt
decreament,0.6,1.0,standard,0.0,None,None,None,1.0,None,nonadapt
decreament,0.6,1.0,standard,0.0,None,None,None,1.0,None,nonadapt
decreament,0.6,1.0,standard,0.0,None,None,None,1.0,None,nonadapt
decreament,0.6,1.0,standard,0.0,None,None,None,1.0,None,nonadapt
decreament,0.6,1.0,standard,0.0,None,None,None,1.0,None,nonadapt
decreament,0.6,1.0,standard,0.0,None,0.5648006000556052,j,0.0,j,nonadapt
decreament,0.6,1.0,standard,0.0,None,None,None,1.0,None,nonadapt
decreament,0.6,1.0,standard,0.0,None,None,None,1.0,None,nonadapt
decreament,0.6,1.0,standard,0.0,None,None,None,1.0,j,nonadapt
decreament,0.6,1.0,standard,0.0,None,None,None,1.0,None,nonadapt
decreament,0.36,3.0,oddball,0.0,j,None,None,0.0,j,nonadapt
increament,0.6,5.0,standard,0.0,None,None,None,1.0,None,nonadapt
increament,0.6,5.0,standard,0.0,None,None,None,1.0,None,nonadapt
increament,0.6,5.0,standard,0.0,None,None,None,1.0,None,nonadapt
increament,0.6,5.0,standard,0.0,None,None,None,1.0,None,nonadapt
increament,0.6,5.0,standard,0.0,None,None,None,1.0,None,nonadapt
increament,0.6,5.0,standard,0.0,None,None,None,1.0,None,nonadapt
increament,0.96,8.0,oddball,0.0,j,0.6550179000478238,j,1.0,j,nonadapt
increament,0.6,5.0,standard,0.0,None,None,None,1.0,None,nonadapt
increament,0.6,5.0,standard,0.0,None,None,None,1.0,None,nonadapt
increament,0.6,5.0,standard,0.0,None,None,None,1.0,None,nonadapt
increament,0.6,5.0,standard,0.0,None,None,None,1.0,None,nonadapt
increament,0.6,5.0,standard,0.0,None,None,None,1.0,None,nonadapt
increament,0.72,6.0,oddball,0.0,j,0.4248647999484092,j,1.0,None,nonadapt
increament,0.6,5.0,standard,0.0,None,None,None,1.0,None,nonadapt
increament,0.6,5.0,standard,0.0,None,None,None,1.0,None,nonadapt
increament,0.6,5.0,standard,0.0,None,None,None,1.0,None,nonadapt
increament,0.6,5.0,standard,0.0,None,0.4251858000643551,j,0.0,None,nonadapt
increament,0.6,5.0,standard,0.0,None,None,None,1.0,None,nonadapt
increament,0.6,5.0,standard,0.0,None,None,None,1.0,None,nonadapt
increament,0.6,5.0,standard,0.0,None,None,None,1.0,None,nonadapt
increament,0.6,5.0,standard,0.0,None,None,None,1.0,None,nonadapt
increament,0.6,5.0,standard,0.0,None,0.337818699888885,j,0.0,None,nonadapt
increament,0.6,5.0,standard,0.0,None,None,None,1.0,None,nonadapt
increament,0.6,5.0,standard,0.0,None,None,None,1.0,None,nonadapt
increament,0.84,7.0,oddball,0.0,j,None,None,0.0,None,nonadapt
increament,0.6,5.0,standard,0.0,None,None,None,1.0,None,nonadapt
increament,0.6,5.0,standard,0.0,None,None,None,1.0,None,nonadapt
increament,0.6,5.0,standard,0.0,None,0.3910664001014083,j,0.0,None,nonadapt
increament,0.6,5.0,standard,0.0,None,None,None,1.0,None,nonadapt
increament,0.6,5.0,standard,0.0,None,None,None,1.0,None,nonadapt
decreament,0.6,1.0,standard,0.0,None,None,None,1.0,None,nonadapt
decreament,0.6,1.0,standard,0.0,None,None,None,1.0,None,nonadapt
decreament,0.6,1.0,standard,0.0,None,None,None,1.0,j,nonadapt
decreament,0.6,1.0,standard,0.0,None,None,None,1.0,None,nonadapt
decreament,0.6,1.0,standard,0.0,None,None,None,1.0,None,nonadapt
decreament,0.6,1.0,standard,0.0,None,None,None,1.0,None,nonadapt
decreament,0.6,1.0,standard,0.0,None,None,None,1.0,None,nonadapt
decreament,0.6,1.0,standard,0.0,None,None,None,1.0,j,nonadapt
decreament,0.6,1.0,standard,0.0,None,None,None,1.0,j,nonadapt
decreament,0.6,1.0,standard,0.0,None,None,None,1.0,j,nonadapt
decreament,0.48,4.0,oddball,0.0,j,None,None,0.0,j,nonadapt
decreament,0.6,1.0,standard,0.0,None,None,None,1.0,None,nonadapt
decreament,0.6,1.0,standard,0.0,None,None,None,1.0,None,nonadapt
decreament,0.6,1.0,standard,0.0,None,None,None,1.0,None,nonadapt
decreament,0.6,1.0,standard,0.0,None,None,None,1.0,None,nonadapt
decreament,0.6,1.0,standard,0.0,None,None,None,1.0,None,nonadapt
decreament,0.6,1.0,standard,0.0,None,None,None,1.0,None,nonadapt
decreament,0.6,1.0,standard,0.0,None,None,None,1.0,None,nonadapt
decreament,0.36,3.0,oddball,0.0,j,0.5180986002087593,j,1.0,None,nonadapt
decreament,0.6,1.0,standard,0.0,None,None,None,1.0,j,nonadapt
decreament,0.6,1.0,standard,0.0,None,None,None,1.0,None,nonadapt
decreament,0.6,1.0,standard,0.0,None,None,None,1.0,None,nonadapt
decreament,0.6,1.0,standard,0.0,None,None,None,1.0,None,nonadapt
decreament,0.6,1.0,standard,0.0,None,None,None,1.0,None,nonadapt
decreament,0.6,1.0,standard,0.0,None,None,None,1.0,None,nonadapt
decreament,0.6,1.0,standard,0.0,None,None,None,1.0,None,nonadapt
decreament,0.6,1.0,standard,0.0,None,None,None,1.0,None,nonadapt
decreament,0.6,1.0,standard,0.0,None,0.5762600000016391,j,0.0,None,nonadapt
decreament,0.24,2.0,oddball,0.0,j,0.424392299959436,j,1.0,j,nonadapt
decreament,0.6,1.0,standard,0.0,None,None,None,1.0,None,nonadapt
increament,0.6,45.0,standard,20.0,None,None,None,1.0,None,nonadapt
increament,0.6,45.0,standard,20.0,None,None,None,1.0,None,nonadapt
increament,0.6,45.0,standard,20.0,None,None,None,1.0,None,nonadapt
increament,0.6,45.0,standard,20.0,None,None,None,1.0,None,nonadapt
increament,0.6,45.0,standard,20.0,None,None,None,1.0,None,nonadapt
increament,0.6,45.0,standard,20.0,None,None,None,1.0,None,nonadapt
increament,0.6,45.0,standard,20.0,None,None,None,1.0,None,nonadapt
increament,0.6,45.0,standard,20.0,None,None,None,1.0,None,nonadapt
increament,0.6,45.0,standard,20.0,None,None,None,1.0,None,nonadapt
increament,0.6,45.0,standard,20.0,None,None,None,1.0,None,nonadapt
increament,0.6,45.0,standard,20.0,None,None,None,1.0,None,nonadapt
increament,0.96,48.0,oddball,20.0,j,0.5173144000582397,j,1.0,None,nonadapt
increament,0.6,45.0,standard,20.0,None,None,None,1.0,None,nonadapt
increament,0.6,45.0,standard,20.0,None,None,None,1.0,None,nonadapt
increament,0.6,45.0,standard,20.0,None,None,None,1.0,None,nonadapt
increament,0.6,45.0,standard,20.0,None,None,None,1.0,None,nonadapt
increament,0.6,45.0,standard,20.0,None,None,None,1.0,None,nonadapt
increament,0.6,45.0,standard,20.0,None,None,None,1.0,None,nonadapt
increament,0.6,45.0,standard,20.0,None,None,None,1.0,None,nonadapt
increament,0.72,46.0,oddball,20.0,j,None,None,0.0,None,nonadapt
increament,0.6,45.0,standard,20.0,None,None,None,1.0,None,nonadapt
increament,0.6,45.0,standard,20.0,None,None,None,1.0,None,nonadapt
increament,0.6,45.0,standard,20.0,None,None,None,1.0,j,nonadapt
increament,0.6,45.0,standard,20.0,None,None,None,1.0,None,nonadapt
increament,0.6,45.0,standard,20.0,None,None,None,1.0,None,nonadapt
increament,0.6,45.0,standard,20.0,None,None,None,1.0,None,nonadapt
increament,0.6,45.0,standard,20.0,None,None,None,1.0,None,nonadapt
increament,0.6,45.0,standard,20.0,None,None,None,1.0,None,nonadapt
increament,0.84,47.0,oddball,20.0,j,1.4338319001253694,j,1.0,None,nonadapt
increament,0.6,45.0,standard,20.0,None,None,None,1.0,None,nonadapt
decreament,0.6,41.0,standard,20.0,None,None,None,1.0,None,nonadapt
decreament,0.6,41.0,standard,20.0,None,None,None,1.0,None,nonadapt
decreament,0.6,41.0,standard,20.0,None,None,None,1.0,None,nonadapt
decreament,0.6,41.0,standard,20.0,None,None,None,1.0,j,nonadapt
decreament,0.6,41.0,standard,20.0,None,None,None,1.0,None,nonadapt
decreament,0.6,41.0,standard,20.0,None,None,None,1.0,None,nonadapt
decreament,0.6,41.0,standard,20.0,None,None,None,1.0,None,nonadapt
decreament,0.48,44.0,oddball,20.0,j,None,None,0.0,None,nonadapt
decreament,0.6,41.0,standard,20.0,None,None,None,1.0,None,nonadapt
decreament,0.6,41.0,standard,20.0,None,None,None,1.0,None,nonadapt
decreament,0.6,41.0,standard,20.0,None,None,None,1.0,None,nonadapt
decreament,0.6,41.0,standard,20.0,None,None,None,1.0,None,nonadapt
decreament,0.6,41.0,standard,20.0,None,None,None,1.0,None,nonadapt
decreament,0.6,41.0,standard,20.0,None,None,None,1.0,None,nonadapt
decreament,0.6,41.0,standard,20.0,None,None,None,1.0,None,nonadapt
decreament,0.6,41.0,standard,20.0,None,None,None,1.0,None,nonadapt
decreament,0.6,41.0,standard,20.0,None,None,None,1.0,None,nonadapt
decreament,0.6,41.0,standard,20.0,None,None,None,1.0,None,nonadapt
decreament,0.6,41.0,standard,20.0,None,None,None,1.0,None,nonadapt
decreament,0.6,41.0,standard,20.0,None,None,None,1.0,None,nonadapt
decreament,0.36,43.0,oddball,20.0,j,None,None,0.0,j,nonadapt
decreament,0.6,41.0,standard,20.0,None,None,None,1.0,None,nonadapt
decreament,0.6,41.0,standard,20.0,None,None,None,1.0,None,nonadapt
decreament,0.6,41.0,standard,20.0,None,None,None,1.0,None,nonadapt
decreament,0.6,41.0,standard,20.0,None,None,None,1.0,None,nonadapt
decreament,0.6,41.0,standard,20.0,None,None,None,1.0,None,nonadapt
decreament,0.6,41.0,standard,20.0,None,None,None,1.0,None,nonadapt
decreament,0.6,41.0,standard,20.0,None,None,None,1.0,None,nonadapt
decreament,0.6,41.0,standard,20.0,None,None,None,1.0,None,nonadapt
decreament,0.24,42.0,oddball,20.0,j,0.4571013001259416,j,1.0,j,nonadapt
increament,0.6,45.0,standard,20.0,None,None,None,1.0,None,nonadapt
increament,0.6,45.0,standard,20.0,None,None,None,1.0,None,nonadapt
increament,0.6,45.0,standard,20.0,None,None,None,1.0,None,nonadapt
increament,0.6,45.0,standard,20.0,None,None,None,1.0,None,nonadapt
increament,0.6,45.0,standard,20.0,None,None,None,1.0,None,nonadapt
increament,0.6,45.0,standard,20.0,None,None,None,1.0,None,nonadapt
increament,0.6,45.0,standard,20.0,None,None,None,1.0,None,nonadapt
increament,0.6,45.0,standard,20.0,None,None,None,1.0,None,nonadapt
increament,0.6,45.0,standard,20.0,None,None,None,1.0,None,nonadapt
increament,0.6,45.0,standard,20.0,None,None,None,1.0,None,nonadapt
increament,0.6,45.0,standard,20.0,None,0.7563273999840021,j,0.0,None,nonadapt
increament,0.6,45.0,standard,20.0,None,None,None,1.0,None,nonadapt
increament,0.6,45.0,standard,20.0,None,None,None,1.0,None,nonadapt
increament,0.6,45.0,standard,20.0,None,None,None,1.0,None,nonadapt
increament,0.6,45.0,standard,20.0,None,None,None,1.0,None,nonadapt
increament,0.6,45.0,standard,20.0,None,None,None,1.0,None,nonadapt
increament,0.84,47.0,oddball,20.0,j,1.420668700011447,j,1.0,None,nonadapt
increament,0.6,45.0,standard,20.0,None,None,None,1.0,None,nonadapt
increament,0.6,45.0,standard,20.0,None,None,None,1.0,None,nonadapt
increament,0.6,45.0,standard,20.0,None,None,None,1.0,None,nonadapt
increament,0.6,45.0,standard,20.0,None,None,None,1.0,None,nonadapt
increament,0.6,45.0,standard,20.0,None,None,None,1.0,None,nonadapt
increament,0.96,48.0,oddball,20.0,j,0.5448104001116008,j,1.0,None,nonadapt
increament,0.6,45.0,standard,20.0,None,None,None,1.0,None,nonadapt
increament,0.6,45.0,standard,20.0,None,None,None,1.0,None,nonadapt
increament,0.6,45.0,standard,20.0,None,None,None,1.0,None,nonadapt
increament,0.6,45.0,standard,20.0,None,None,None,1.0,None,nonadapt
increament,0.6,45.0,standard,20.0,None,None,None,1.0,None,nonadapt
increament,0.6,45.0,standard,20.0,None,None,None,1.0,None,nonadapt
increament,0.72,46.0,oddball,20.0,j,0.5296110000927001,j,1.0,None,nonadapt
decreament,0.6,41.0,standard,20.0,None,None,None,1.0,None,nonadapt
decreament,0.6,41.0,standard,20.0,None,None,None,1.0,None,nonadapt
decreament,0.6,41.0,standard,20.0,None,None,None,1.0,None,nonadapt
decreament,0.6,41.0,standard,20.0,None,None,None,1.0,None,nonadapt
decreament,0.6,41.0,standard,20.0,None,None,None,1.0,None,nonadapt
decreament,0.6,41.0,standard,20.0,None,None,None,1.0,None,nonadapt
decreament,0.6,41.0,standard,20.0,None,None,None,1.0,None,nonadapt
decreament,0.6,41.0,standard,20.0,None,None,None,1.0,None,nonadapt
decreament,0.6,41.0,standard,20.0,None,None,None,1.0,None,nonadapt
decreament,0.36,43.0,oddball,20.0,j,None,None,0.0,None,nonadapt
decreament,0.6,41.0,standard,20.0,None,None,None,1.0,None,nonadapt
decreament,0.6,41.0,standard,20.0,None,None,None,1.0,None,nonadapt
decreament,0.6,41.0,standard,20.0,None,None,None,1.0,None,nonadapt
decreament,0.6,41.0,standard,20.0,None,None,None,1.0,None,nonadapt
decreament,0.6,41.0,standard,20.0,None,None,None,1.0,None,nonadapt
decreament,0.6,41.0,standard,20.0,None,None,None,1.0,None,nonadapt
decreament,0.6,41.0,standard,20.0,None,None,None,1.0,None,nonadapt
decreament,0.6,41.0,standard,20.0,None,None,None,1.0,None,nonadapt
decreament,0.6,41.0,standard,20.0,None,None,None,1.0,None,nonadapt
decreament,0.6,41.0,standard,20.0,None,None,None,1.0,None,nonadapt
decreament,0.6,41.0,standard,20.0,None,None,None,1.0,None,nonadapt
decreament,0.6,41.0,standard,20.0,None,None,None,1.0,None,nonadapt
decreament,0.6,41.0,standard,20.0,None,None,None,1.0,None,nonadapt
decreament,0.6,41.0,standard,20.0,None,None,None,1.0,None,nonadapt
decreament,0.48,44.0,oddball,20.0,j,None,None,0.0,None,nonadapt
decreament,0.6,41.0,standard,20.0,None,None,None,1.0,None,nonadapt
decreament,0.6,41.0,standard,20.0,None,None,None,1.0,None,nonadapt
decreament,0.6,41.0,standard,20.0,None,None,None,1.0,None,nonadapt
decreament,0.24,42.0,oddball,20.0,j,0.664002499775961,j,1.0,j,nonadapt
decreament,0.6,41.0,standard,20.0,None,None,None,1.0,None,nonadapt
increament,0.6,45.0,standard,20.0,None,None,None,1.0,None,nonadapt
increament,0.6,45.0,standard,20.0,None,None,None,1.0,None,nonadapt
increament,0.6,45.0,standard,20.0,None,None,None,1.0,None,nonadapt
increament,0.6,45.0,standard,20.0,None,None,None,1.0,None,nonadapt
increament,0.6,45.0,standard,20.0,None,None,None,1.0,None,nonadapt
increament,0.96,48.0,oddball,20.0,j,None,None,0.0,None,nonadapt
increament,0.6,45.0,standard,20.0,None,None,None,1.0,None,nonadapt
increament,0.6,45.0,standard,20.0,None,None,None,1.0,None,nonadapt
increament,0.6,45.0,standard,20.0,None,None,None,1.0,None,nonadapt
increament,0.6,45.0,standard,20.0,None,None,None,1.0,None,nonadapt
increament,0.6,45.0,standard,20.0,None,None,None,1.0,None,nonadapt
increament,0.6,45.0,standard,20.0,None,None,None,1.0,None,nonadapt
increament,0.6,45.0,standard,20.0,None,None,None,1.0,None,nonadapt
increament,0.6,45.0,standard,20.0,None,None,None,1.0,None,nonadapt
increament,0.6,45.0,standard,20.0,None,None,None,1.0,None,nonadapt
increament,0.6,45.0,standard,20.0,None,None,None,1.0,None,nonadapt
increament,0.6,45.0,standard,20.0,None,None,None,1.0,None,nonadapt
increament,0.6,45.0,standard,20.0,None,None,None,1.0,None,nonadapt
increament,0.6,45.0,standard,20.0,None,None,None,1.0,None,nonadapt
increament,0.6,45.0,standard,20.0,None,None,None,1.0,None,nonadapt
increament,0.6,45.0,standard,20.0,None,None,None,1.0,None,nonadapt
increament,0.6,45.0,standard,20.0,None,None,None,1.0,None,nonadapt
increament,0.84,47.0,oddball,20.0,j,None,None,0.0,j,nonadapt
increament,0.6,45.0,standard,20.0,None,None,None,1.0,None,nonadapt
increament,0.6,45.0,standard,20.0,None,None,None,1.0,None,nonadapt
increament,0.6,45.0,standard,20.0,None,None,None,1.0,None,nonadapt
increament,0.6,45.0,standard,20.0,None,None,None,1.0,None,nonadapt
increament,0.6,45.0,standard,20.0,None,None,None,1.0,None,nonadapt
increament,0.72,46.0,oddball,20.0,j,1.4389922998379916,j,1.0,None,nonadapt
increament,0.6,45.0,standard,20.0,None,None,None,1.0,None,nonadapt
decreament,0.6,41.0,standard,20.0,None,None,None,1.0,None,nonadapt
decreament,0.6,41.0,standard,20.0,None,None,None,1.0,None,nonadapt
decreament,0.6,41.0,standard,20.0,None,None,None,1.0,None,nonadapt
decreament,0.6,41.0,standard,20.0,None,None,None,1.0,None,nonadapt
decreament,0.6,41.0,standard,20.0,None,None,None,1.0,None,nonadapt
decreament,0.6,41.0,standard,20.0,None,None,None,1.0,None,nonadapt
decreament,0.6,41.0,standard,20.0,None,None,None,1.0,None,nonadapt
decreament,0.6,41.0,standard,20.0,None,None,None,1.0,None,nonadapt
decreament,0.6,41.0,standard,20.0,None,None,None,1.0,None,nonadapt
decreament,0.24,42.0,oddball,20.0,j,0.7115822001360357,j,1.0,j,nonadapt
decreament,0.6,41.0,standard,20.0,None,None,None,1.0,None,nonadapt
decreament,0.6,41.0,standard,20.0,None,None,None,1.0,None,nonadapt
decreament,0.6,41.0,standard,20.0,None,None,None,1.0,None,nonadapt
decreament,0.6,41.0,standard,20.0,None,None,None,1.0,None,nonadapt
decreament,0.6,41.0,standard,20.0,None,None,None,1.0,None,nonadapt
decreament,0.6,41.0,standard,20.0,None,None,None,1.0,None,nonadapt
decreament,0.6,41.0,standard,20.0,None,None,None,1.0,None,nonadapt
decreament,0.48,44.0,oddball,20.0,j,None,None,0.0,None,nonadapt
decreament,0.6,41.0,standard,20.0,None,None,None,1.0,None,nonadapt
decreament,0.6,41.0,standard,20.0,None,None,None,1.0,None,nonadapt
decreament,0.6,41.0,standard,20.0,None,None,None,1.0,None,nonadapt
decreament,0.36,43.0,oddball,20.0,j,0.8351942000444978,j,1.0,None,nonadapt
decreament,0.6,41.0,standard,20.0,None,None,None,1.0,None,nonadapt
decreament,0.6,41.0,standard,20.0,None,None,None,1.0,None,nonadapt
decreament,0.6,41.0,standard,20.0,None,None,None,1.0,None,nonadapt
decreament,0.6,41.0,standard,20.0,None,None,None,1.0,None,nonadapt
decreament,0.6,41.0,standard,20.0,None,None,None,1.0,None,nonadapt
decreament,0.6,41.0,standard,20.0,None,None,None,1.0,None,nonadapt
decreament,0.6,41.0,standard,20.0,None,None,None,1.0,None,nonadapt
decreament,0.6,41.0,standard,20.0,None,None,None,1.0,None,nonadapt
increament,0.6,45.0,standard,20.0,None,None,None,1.0,None,nonadapt
increament,0.6,45.0,standard,20.0,None,None,None,1.0,None,nonadapt
increament,0.6,45.0,standard,20.0,None,None,None,1.0,None,nonadapt
increament,0.6,45.0,standard,20.0,None,None,None,1.0,None,nonadapt
increament,0.6,45.0,standard,20.0,None,None,None,1.0,None,nonadapt
increament,0.6,45.0,standard,20.0,None,None,None,1.0,None,nonadapt
increament,0.6,45.0,standard,20.0,None,None,None,1.0,None,nonadapt
increament,0.6,45.0,standard,20.0,None,None,None,1.0,None,nonadapt
increament,0.96,48.0,oddball,20.0,j,None,None,0.0,None,nonadapt
increament,0.6,45.0,standard,20.0,None,None,None,1.0,None,nonadapt
increament,0.6,45.0,standard,20.0,None,None,None,1.0,None,nonadapt
increament,0.6,45.0,standard,20.0,None,None,None,1.0,None,nonadapt
increament,0.6,45.0,standard,20.0,None,None,None,1.0,None,nonadapt
increament,0.6,45.0,standard,20.0,None,None,None,1.0,None,nonadapt
increament,0.6,45.0,standard,20.0,None,None,None,1.0,None,nonadapt
increament,0.6,45.0,standard,20.0,None,None,None,1.0,None,nonadapt
increament,0.6,45.0,standard,20.0,None,None,None,1.0,None,nonadapt
increament,0.6,45.0,standard,20.0,None,None,None,1.0,None,nonadapt
increament,0.6,45.0,standard,20.0,None,None,None,1.0,None,nonadapt
increament,0.6,45.0,standard,20.0,None,None,None,1.0,None,nonadapt
increament,0.6,45.0,standard,20.0,None,None,None,1.0,None,nonadapt
increament,0.6,45.0,standard,20.0,None,None,None,1.0,None,nonadapt
increament,0.72,46.0,oddball,20.0,j,0.4406968997791409,j,1.0,None,nonadapt
increament,0.6,45.0,standard,20.0,None,None,None,1.0,None,nonadapt
increament,0.6,45.0,standard,20.0,None,None,None,1.0,None,nonadapt
increament,0.6,45.0,standard,20.0,None,None,None,1.0,None,nonadapt
increament,0.6,45.0,standard,20.0,None,None,None,1.0,None,nonadapt
increament,0.6,45.0,standard,20.0,None,None,None,1.0,None,nonadapt
increament,0.84,47.0,oddball,20.0,j,None,None,0.0,j,nonadapt
increament,0.6,45.0,standard,20.0,None,None,None,1.0,None,nonadapt
decreament,0.6,41.0,standard,20.0,None,None,None,1.0,None,nonadapt
decreament,0.6,41.0,standard,20.0,None,None,None,1.0,None,nonadapt
decreament,0.6,41.0,standard,20.0,None,None,None,1.0,None,nonadapt
decreament,0.6,41.0,standard,20.0,None,None,None,1.0,None,nonadapt
decreament,0.6,41.0,standard,20.0,None,None,None,1.0,None,nonadapt
decreament,0.6,41.0,standard,20.0,None,None,None,1.0,None,nonadapt
decreament,0.36,43.0,oddball,20.0,j,None,None,0.0,j,nonadapt
decreament,0.6,41.0,standard,20.0,None,None,None,1.0,None,nonadapt
decreament,0.6,41.0,standard,20.0,None,None,None,1.0,None,nonadapt
decreament,0.6,41.0,standard,20.0,None,None,None,1.0,None,nonadapt
decreament,0.48,44.0,oddball,20.0,j,None,None,0.0,None,nonadapt
decreament,0.6,41.0,standard,20.0,None,None,None,1.0,None,nonadapt
decreament,0.6,41.0,standard,20.0,None,None,None,1.0,None,nonadapt
decreament,0.6,41.0,standard,20.0,None,None,None,1.0,None,nonadapt
decreament,0.6,41.0,standard,20.0,None,None,None,1.0,None,nonadapt
decreament,0.6,41.0,standard,20.0,None,None,None,1.0,None,nonadapt
decreament,0.6,41.0,standard,20.0,None,None,None,1.0,None,nonadapt
decreament,0.6,41.0,standard,20.0,None,None,None,1.0,None,nonadapt
decreament,0.6,41.0,standard,20.0,None,None,None,1.0,None,nonadapt
decreament,0.6,41.0,standard,20.0,None,None,None,1.0,None,nonadapt
decreament,0.6,41.0,standard,20.0,None,None,None,1.0,None,nonadapt
decreament,0.6,41.0,standard,20.0,None,None,None,1.0,None,nonadapt
decreament,0.6,41.0,standard,20.0,None,None,None,1.0,None,nonadapt
decreament,0.24,42.0,oddball,20.0,j,1.2412435000296682,j,1.0,j,nonadapt
decreament,0.6,41.0,standard,20.0,None,None,None,1.0,None,nonadapt
decreament,0.6,41.0,standard,20.0,None,None,None,1.0,None,nonadapt
decreament,0.6,41.0,standard,20.0,None,None,None,1.0,None,nonadapt
decreament,0.6,41.0,standard,20.0,None,None,None,1.0,None,nonadapt
decreament,0.6,41.0,standard,20.0,None,None,None,1.0,None,nonadapt
decreament,0.6,41.0,standard,20.0,None,1.8288272998761383,j,0.0,None,nonadapt
increament,0.6,45.0,standard,20.0,None,None,None,1.0,None,nonadapt
increament,0.6,45.0,standard,20.0,None,None,None,1.0,None,nonadapt
increament,0.6,45.0,standard,20.0,None,None,None,1.0,None,nonadapt
increament,0.6,45.0,standard,20.0,None,None,None,1.0,None,nonadapt
increament,0.6,45.0,standard,20.0,None,None,None,1.0,None,nonadapt
increament,0.6,45.0,standard,20.0,None,None,None,1.0,None,nonadapt
increament,0.6,45.0,standard,20.0,None,None,None,1.0,None,nonadapt
increament,0.6,45.0,standard,20.0,None,None,None,1.0,None,nonadapt
increament,0.6,45.0,standard,20.0,None,None,None,1.0,None,nonadapt
increament,0.6,45.0,standard,20.0,None,None,None,1.0,None,nonadapt
increament,0.84,47.0,oddball,20.0,j,None,None,0.0,j,nonadapt
increament,0.6,45.0,standard,20.0,None,None,None,1.0,None,nonadapt
increament,0.6,45.0,standard,20.0,None,None,None,1.0,None,nonadapt
increament,0.6,45.0,standard,20.0,None,None,None,1.0,None,nonadapt
increament,0.6,45.0,standard,20.0,None,None,None,1.0,None,nonadapt
increament,0.6,45.0,standard,20.0,None,None,None,1.0,None,nonadapt
increament,0.6,45.0,standard,20.0,None,None,None,1.0,None,nonadapt
increament,0.6,45.0,standard,20.0,None,None,None,1.0,None,nonadapt
increament,0.6,45.0,standard,20.0,None,None,None,1.0,None,nonadapt
increament,0.6,45.0,standard,20.0,None,None,None,1.0,None,nonadapt
increament,0.72,46.0,oddball,20.0,j,0.4905707000289112,j,1.0,None,nonadapt
increament,0.6,45.0,standard,20.0,None,None,None,1.0,None,nonadapt
increament,0.6,45.0,standard,20.0,None,None,None,1.0,None,nonadapt
increament,0.6,45.0,standard,20.0,None,None,None,1.0,None,nonadapt
increament,0.6,45.0,standard,20.0,None,None,None,1.0,None,nonadapt
increament,0.6,45.0,standard,20.0,None,None,None,1.0,None,nonadapt
increament,0.6,45.0,standard,20.0,None,None,None,1.0,None,nonadapt
increament,0.96,48.0,oddball,20.0,j,None,None,0.0,j,nonadapt
increament,0.6,45.0,standard,20.0,None,None,None,1.0,None,nonadapt
increament,0.6,45.0,standard,20.0,None,None,None,1.0,None,nonadapt
decreament,0.6,41.0,standard,20.0,None,None,None,1.0,None,nonadapt
decreament,0.6,41.0,standard,20.0,None,None,None,1.0,None,nonadapt
decreament,0.6,41.0,standard,20.0,None,None,None,1.0,None,nonadapt
decreament,0.6,41.0,standard,20.0,None,None,None,1.0,None,nonadapt
decreament,0.6,41.0,standard,20.0,None,None,None,1.0,None,nonadapt
decreament,0.6,41.0,standard,20.0,None,1.167967800050974,j,0.0,None,nonadapt
decreament,0.24,42.0,oddball,20.0,j,0.8146095999982208,j,1.0,j,nonadapt
decreament,0.6,41.0,standard,20.0,None,None,None,1.0,None,nonadapt
decreament,0.6,41.0,standard,20.0,None,None,None,1.0,None,nonadapt
decreament,0.6,41.0,standard,20.0,None,None,None,1.0,None,nonadapt
decreament,0.6,41.0,standard,20.0,None,None,None,1.0,None,nonadapt
decreament,0.6,41.0,standard,20.0,None,None,None,1.0,None,nonadapt
decreament,0.6,41.0,standard,20.0,None,None,None,1.0,None,nonadapt
decreament,0.6,41.0,standard,20.0,None,None,None,1.0,None,nonadapt
decreament,0.6,41.0,standard,20.0,None,None,None,1.0,None,nonadapt
decreament,0.36,43.0,oddball,20.0,j,None,None,0.0,j,nonadapt
decreament,0.6,41.0,standard,20.0,None,None,None,1.0,None,nonadapt
decreament,0.6,41.0,standard,20.0,None,None,None,1.0,None,nonadapt
decreament,0.6,41.0,standard,20.0,None,None,None,1.0,None,nonadapt
decreament,0.6,41.0,standard,20.0,None,None,None,1.0,None,nonadapt
decreament,0.6,41.0,standard,20.0,None,None,None,1.0,None,nonadapt
decreament,0.6,41.0,standard,20.0,None,None,None,1.0,None,nonadapt
decreament,0.6,41.0,standard,20.0,None,None,None,1.0,None,nonadapt
decreament,0.6,41.0,standard,20.0,None,None,None,1.0,None,nonadapt
decreament,0.6,41.0,standard,20.0,None,None,None,1.0,None,nonadapt
decreament,0.6,41.0,standard,20.0,None,None,None,1.0,None,nonadapt
decreament,0.6,41.0,standard,20.0,None,None,None,1.0,None,nonadapt
decreament,0.6,41.0,standard,20.0,None,None,None,1.0,None,nonadapt
decreament,0.6,41.0,standard,20.0,None,None,None,1.0,None,nonadapt
decreament,0.48,44.0,oddball,20.0,j,None,None,0.0,None,nonadapt
increament,0.6,15.0,standard,5.0,None,None,None,1.0,None,nonadapt
increament,0.6,15.0,standard,5.0,None,None,None,1.0,None,nonadapt
increament,0.6,15.0,standard,5.0,None,None,None,1.0,None,nonadapt
increament,0.6,15.0,standard,5.0,None,None,None,1.0,None,nonadapt
increament,0.6,15.0,standard,5.0,None,None,None,1.0,None,nonadapt
increament,0.72,16.0,oddball,5.0,j,None,None,0.0,None,nonadapt
increament,0.6,15.0,standard,5.0,None,None,None,1.0,None,nonadapt
increament,0.6,15.0,standard,5.0,None,None,None,1.0,None,nonadapt
increament,0.6,15.0,standard,5.0,None,None,None,1.0,None,nonadapt
increament,0.6,15.0,standard,5.0,None,None,None,1.0,None,nonadapt
increament,0.6,15.0,standard,5.0,None,None,None,1.0,None,nonadapt
increament,0.6,15.0,standard,5.0,None,None,None,1.0,None,nonadapt
increament,0.6,15.0,standard,5.0,None,None,None,1.0,None,nonadapt
increament,0.6,15.0,standard,5.0,None,None,None,1.0,None,nonadapt
increament,0.6,15.0,standard,5.0,None,None,None,1.0,None,nonadapt
increament,0.84,17.0,oddball,5.0,j,None,None,0.0,None,nonadapt
increament,0.6,15.0,standard,5.0,None,None,None,1.0,None,nonadapt
increament,0.6,15.0,standard,5.0,None,None,None,1.0,None,nonadapt
increament,0.6,15.0,standard,5.0,None,None,None,1.0,None,nonadapt
increament,0.6,15.0,standard,5.0,None,None,None,1.0,None,nonadapt
increament,0.6,15.0,standard,5.0,None,None,None,1.0,None,nonadapt
increament,0.6,15.0,standard,5.0,None,None,None,1.0,None,nonadapt
increament,0.96,18.0,oddball,5.0,j,0.3828883999958634,j,1.0,j,nonadapt
increament,0.6,15.0,standard,5.0,None,None,None,1.0,None,nonadapt
increament,0.6,15.0,standard,5.0,None,None,None,1.0,None,nonadapt
increament,0.6,15.0,standard,5.0,None,None,None,1.0,None,nonadapt
increament,0.6,15.0,standard,5.0,None,None,None,1.0,None,nonadapt
increament,0.6,15.0,standard,5.0,None,None,None,1.0,None,nonadapt
increament,0.6,15.0,standard,5.0,None,None,None,1.0,None,nonadapt
increament,0.6,15.0,standard,5.0,None,None,None,1.0,None,nonadapt
decreament,0.6,11.0,standard,5.0,None,None,None,1.0,None,nonadapt
decreament,0.6,11.0,standard,5.0,None,None,None,1.0,None,nonadapt
decreament,0.6,11.0,standard,5.0,None,None,None,1.0,None,nonadapt
decreament,0.6,11.0,standard,5.0,None,None,None,1.0,None,nonadapt
decreament,0.6,11.0,standard,5.0,None,None,None,1.0,None,nonadapt
decreament,0.6,11.0,standard,5.0,None,None,None,1.0,None,nonadapt
decreament,0.6,11.0,standard,5.0,None,None,None,1.0,None,nonadapt
decreament,0.6,11.0,standard,5.0,None,None,None,1.0,None,nonadapt
decreament,0.6,11.0,standard,5.0,None,None,None,1.0,None,nonadapt
decreament,0.6,11.0,standard,5.0,None,None,None,1.0,None,nonadapt
decreament,0.24,12.0,oddball,5.0,j,0.8839017001446337,j,1.0,None,nonadapt
decreament,0.6,11.0,standard,5.0,None,None,None,1.0,None,nonadapt
decreament,0.6,11.0,standard,5.0,None,None,None,1.0,None,nonadapt
decreament,0.6,11.0,standard,5.0,None,None,None,1.0,None,nonadapt
decreament,0.48,14.0,oddball,5.0,j,None,None,0.0,None,nonadapt
decreament,0.6,11.0,standard,5.0,None,None,None,1.0,None,nonadapt
decreament,0.6,11.0,standard,5.0,None,None,None,1.0,None,nonadapt
decreament,0.6,11.0,standard,5.0,None,None,None,1.0,None,nonadapt
decreament,0.6,11.0,standard,5.0,None,None,None,1.0,None,nonadapt
decreament,0.6,11.0,standard,5.0,None,None,None,1.0,None,nonadapt
decreament,0.6,11.0,standard,5.0,None,None,None,1.0,None,nonadapt
decreament,0.6,11.0,standard,5.0,None,None,None,1.0,None,nonadapt
decreament,0.6,11.0,standard,5.0,None,None,None,1.0,None,nonadapt
decreament,0.6,11.0,standard,5.0,None,None,None,1.0,None,nonadapt
decreament,0.6,11.0,standard,5.0,None,None,None,1.0,None,nonadapt
decreament,0.6,11.0,standard,5.0,None,None,None,1.0,None,nonadapt
decreament,0.36,13.0,oddball,5.0,j,0.8281094001140445,j,1.0,None,nonadapt
decreament,0.6,11.0,standard,5.0,None,None,None,1.0,None,nonadapt
decreament,0.6,11.0,standard,5.0,None,None,None,1.0,None,nonadapt
decreament,0.6,11.0,standard,5.0,None,None,None,1.0,None,nonadapt
increament,0.6,15.0,standard,5.0,None,None,None,1.0,None,nonadapt
increament,0.6,15.0,standard,5.0,None,None,None,1.0,None,nonadapt
increament,0.6,15.0,standard,5.0,None,None,None,1.0,None,nonadapt
increament,0.6,15.0,standard,5.0,None,None,None,1.0,None,nonadapt
increament,0.6,15.0,standard,5.0,None,None,None,1.0,None,nonadapt
increament,0.72,16.0,oddball,5.0,j,None,None,0.0,None,nonadapt
increament,0.6,15.0,standard,5.0,None,None,None,1.0,None,nonadapt
increament,0.6,15.0,standard,5.0,None,None,None,1.0,None,nonadapt
increament,0.6,15.0,standard,5.0,None,None,None,1.0,None,nonadapt
increament,0.6,15.0,standard,5.0,None,None,None,1.0,None,nonadapt
increament,0.6,15.0,standard,5.0,None,None,None,1.0,None,nonadapt
increament,0.6,15.0,standard,5.0,None,None,None,1.0,None,nonadapt
increament,0.6,15.0,standard,5.0,None,None,None,1.0,None,nonadapt
increament,0.6,15.0,standard,5.0,None,None,None,1.0,None,nonadapt
increament,0.6,15.0,standard,5.0,None,None,None,1.0,j,nonadapt
increament,0.6,15.0,standard,5.0,None,None,None,1.0,None,nonadapt
increament,0.6,15.0,standard,5.0,None,None,None,1.0,None,nonadapt
increament,0.6,15.0,standard,5.0,None,None,None,1.0,None,nonadapt
increament,0.6,15.0,standard,5.0,None,None,None,1.0,None,nonadapt
increament,0.84,17.0,oddball,5.0,j,0.6302322999108583,j,1.0,j,nonadapt
increament,0.6,15.0,standard,5.0,None,None,None,1.0,None,nonadapt
increament,0.6,15.0,standard,5.0,None,None,None,1.0,None,nonadapt
increament,0.6,15.0,standard,5.0,None,None,None,1.0,None,nonadapt
increament,0.6,15.0,standard,5.0,None,None,None,1.0,None,nonadapt
increament,0.6,15.0,standard,5.0,None,None,None,1.0,None,nonadapt
increament,0.6,15.0,standard,5.0,None,None,None,1.0,None,nonadapt
increament,0.96,18.0,oddball,5.0,j,0.6676707998849452,j,1.0,j,nonadapt
increament,0.6,15.0,standard,5.0,None,None,None,1.0,None,nonadapt
increament,0.6,15.0,standard,5.0,None,None,None,1.0,None,nonadapt
increament,0.6,15.0,standard,5.0,None,0.965129799908027,j,0.0,None,nonadapt
decreament,0.6,11.0,standard,5.0,None,None,None,1.0,None,nonadapt
decreament,0.6,11.0,standard,5.0,None,None,None,1.0,None,nonadapt
decreament,0.6,11.0,standard,5.0,None,None,None,1.0,None,nonadapt
decreament,0.6,11.0,standard,5.0,None,None,None,1.0,None,nonadapt
decreament,0.6,11.0,standard,5.0,None,None,None,1.0,None,nonadapt
decreament,0.6,11.0,standard,5.0,None,None,None,1.0,None,nonadapt
decreament,0.6,11.0,standard,5.0,None,None,None,1.0,None,nonadapt
decreament,0.6,11.0,standard,5.0,None,None,None,1.0,None,nonadapt
decreament,0.6,11.0,standard,5.0,None,None,None,1.0,None,nonadapt
decreament,0.48,14.0,oddball,5.0,j,None,None,0.0,None,nonadapt
decreament,0.6,11.0,standard,5.0,None,None,None,1.0,j,nonadapt
decreament,0.6,11.0,standard,5.0,None,None,None,1.0,None,nonadapt
decreament,0.6,11.0,standard,5.0,None,None,None,1.0,None,nonadapt
decreament,0.6,11.0,standard,5.0,None,None,None,1.0,None,nonadapt
decreament,0.36,13.0,oddball,5.0,j,1.046506900107488,j,1.0,j,nonadapt
decreament,0.6,11.0,standard,5.0,None,None,None,1.0,None,nonadapt
decreament,0.6,11.0,standard,5.0,None,None,None,1.0,None,nonadapt
decreament,0.6,11.0,standard,5.0,None,None,None,1.0,j,nonadapt
decreament,0.6,11.0,standard,5.0,None,None,None,1.0,None,nonadapt
decreament,0.6,11.0,standard,5.0,None,None,None,1.0,None,nonadapt
decreament,0.6,11.0,standard,5.0,None,None,None,1.0,None,nonadapt
decreament,0.6,11.0,standard,5.0,None,None,None,1.0,None,nonadapt
decreament,0.6,11.0,standard,5.0,None,None,None,1.0,None,nonadapt
decreament,0.6,11.0,standard,5.0,None,None,None,1.0,None,nonadapt
decreament,0.6,11.0,standard,5.0,None,None,None,1.0,None,nonadapt
decreament,0.6,11.0,standard,5.0,None,None,None,1.0,j,nonadapt
decreament,0.6,11.0,standard,5.0,None,None,None,1.0,None,nonadapt
decreament,0.6,11.0,standard,5.0,None,None,None,1.0,None,nonadapt
decreament,0.6,11.0,standard,5.0,None,None,None,1.0,None,nonadapt
decreament,0.24,12.0,oddball,5.0,j,None,None,0.0,j,nonadapt
increament,0.6,15.0,standard,5.0,None,None,None,1.0,None,nonadapt
increament,0.6,15.0,standard,5.0,None,None,None,1.0,None,nonadapt
increament,0.6,15.0,standard,5.0,None,None,None,1.0,None,nonadapt
increament,0.6,15.0,standard,5.0,None,None,None,1.0,None,nonadapt
increament,0.6,15.0,standard,5.0,None,None,None,1.0,None,nonadapt
increament,0.6,15.0,standard,5.0,None,None,None,1.0,None,nonadapt
increament,0.6,15.0,standard,5.0,None,None,None,1.0,None,nonadapt
increament,0.6,15.0,standard,5.0,None,None,None,1.0,None,nonadapt
increament,0.6,15.0,standard,5.0,None,0.9174875998869538,j,0.0,None,nonadapt
increament,0.6,15.0,standard,5.0,None,None,None,1.0,None,nonadapt
increament,0.6,15.0,standard,5.0,None,None,None,1.0,None,nonadapt
increament,0.96,18.0,oddball,5.0,j,None,None,0.0,j,nonadapt
increament,0.6,15.0,standard,5.0,None,None,None,1.0,None,nonadapt
increament,0.6,15.0,standard,5.0,None,None,None,1.0,None,nonadapt
increament,0.6,15.0,standard,5.0,None,None,None,1.0,None,nonadapt
increament,0.72,16.0,oddball,5.0,j,None,None,0.0,None,nonadapt
increament,0.6,15.0,standard,5.0,None,None,None,1.0,None,nonadapt
increament,0.6,15.0,standard,5.0,None,None,None,1.0,None,nonadapt
increament,0.6,15.0,standard,5.0,None,None,None,1.0,None,nonadapt
increament,0.6,15.0,standard,5.0,None,None,None,1.0,None,nonadapt
increament,0.6,15.0,standard,5.0,None,None,None,1.0,None,nonadapt
increament,0.6,15.0,standard,5.0,None,None,None,1.0,None,nonadapt
increament,0.6,15.0,standard,5.0,None,None,None,1.0,None,nonadapt
increament,0.84,17.0,oddball,5.0,j,0.5163049998227507,j,1.0,j,nonadapt
increament,0.6,15.0,standard,5.0,None,None,None,1.0,None,nonadapt
increament,0.6,15.0,standard,5.0,None,None,None,1.0,None,nonadapt
increament,0.6,15.0,standard,5.0,None,None,None,1.0,None,nonadapt
increament,0.6,15.0,standard,5.0,None,None,None,1.0,None,nonadapt
increament,0.6,15.0,standard,5.0,None,None,None,1.0,None,nonadapt
increament,0.6,15.0,standard,5.0,None,None,None,1.0,None,nonadapt
decreament,0.6,11.0,standard,5.0,None,None,None,1.0,None,nonadapt
decreament,0.6,11.0,standard,5.0,None,None,None,1.0,None,nonadapt
decreament,0.6,11.0,standard,5.0,None,None,None,1.0,None,nonadapt
decreament,0.6,11.0,standard,5.0,None,None,None,1.0,None,nonadapt
decreament,0.6,11.0,standard,5.0,None,None,None,1.0,None,nonadapt
decreament,0.6,11.0,standard,5.0,None,None,None,1.0,None,nonadapt
decreament,0.6,11.0,standard,5.0,None,None,None,1.0,None,nonadapt
decreament,0.6,11.0,standard,5.0,None,None,None,1.0,None,nonadapt
decreament,0.6,11.0,standard,5.0,None,None,None,1.0,None,nonadapt
decreament,0.6,11.0,standard,5.0,None,None,None,1.0,None,nonadapt
decreament,0.24,12.0,oddball,5.0,j,0.9521385000552982,j,1.0,None,nonadapt
decreament,0.6,11.0,standard,5.0,None,None,None,1.0,None,nonadapt
decreament,0.6,11.0,standard,5.0,None,None,None,1.0,None,nonadapt
decreament,0.6,11.0,standard,5.0,None,None,None,1.0,None,nonadapt
decreament,0.6,11.0,standard,5.0,None,None,None,1.0,None,nonadapt
decreament,0.6,11.0,standard,5.0,None,None,None,1.0,None,nonadapt
decreament,0.6,11.0,standard,5.0,None,None,None,1.0,None,nonadapt
decreament,0.6,11.0,standard,5.0,None,None,None,1.0,None,nonadapt
decreament,0.6,11.0,standard,5.0,None,None,None,1.0,None,nonadapt
decreament,0.6,11.0,standard,5.0,None,None,None,1.0,None,nonadapt
decreament,0.6,11.0,standard,5.0,None,None,None,1.0,None,nonadapt
decreament,0.6,11.0,standard,5.0,None,None,None,1.0,None,nonadapt
decreament,0.6,11.0,standard,5.0,None,None,None,1.0,None,nonadapt
decreament,0.48,14.0,oddball,5.0,j,None,None,0.0,None,nonadapt
decreament,0.6,11.0,standard,5.0,None,None,None,1.0,None,nonadapt
decreament,0.6,11.0,standard,5.0,None,None,None,1.0,None,nonadapt
decreament,0.6,11.0,standard,5.0,None,None,None,1.0,None,nonadapt
decreament,0.6,11.0,standard,5.0,None,None,None,1.0,None,nonadapt
decreament,0.36,13.0,oddball,5.0,j,1.0243867998942733,j,1.0,j,nonadapt
decreament,0.6,11.0,standard,5.0,None,None,None,1.0,None,nonadapt
increament,0.6,15.0,standard,5.0,None,None,None,1.0,None,nonadapt
increament,0.6,15.0,standard,5.0,None,None,None,1.0,None,nonadapt
increament,0.6,15.0,standard,5.0,None,None,None,1.0,None,nonadapt
increament,0.6,15.0,standard,5.0,None,None,None,1.0,None,nonadapt
increament,0.6,15.0,standard,5.0,None,None,None,1.0,None,nonadapt
increament,0.6,15.0,standard,5.0,None,None,None,1.0,None,nonadapt
increament,0.6,15.0,standard,5.0,None,None,None,1.0,None,nonadapt
increament,0.6,15.0,standard,5.0,None,None,None,1.0,None,nonadapt
increament,0.6,15.0,standard,5.0,None,None,None,1.0,None,nonadapt
increament,0.6,15.0,standard,5.0,None,None,None,1.0,None,nonadapt
increament,0.84,17.0,oddball,5.0,j,0.675857099937275,j,1.0,j,nonadapt
increament,0.6,15.0,standard,5.0,None,None,None,1.0,None,nonadapt
increament,0.6,15.0,standard,5.0,None,None,None,1.0,None,nonadapt
increament,0.6,15.0,standard,5.0,None,None,None,1.0,None,nonadapt
increament,0.6,15.0,standard,5.0,None,None,None,1.0,None,nonadapt
increament,0.96,18.0,oddball,5.0,j,0.5317675999831408,j,1.0,None,nonadapt
increament,0.6,15.0,standard,5.0,None,None,None,1.0,None,nonadapt
increament,0.6,15.0,standard,5.0,None,None,None,1.0,None,nonadapt
increament,0.6,15.0,standard,5.0,None,None,None,1.0,None,nonadapt
increament,0.6,15.0,standard,5.0,None,None,None,1.0,None,nonadapt
increament,0.6,15.0,standard,5.0,None,None,None,1.0,None,nonadapt
increament,0.6,15.0,standard,5.0,None,None,None,1.0,None,nonadapt
increament,0.6,15.0,standard,5.0,None,None,None,1.0,None,nonadapt
increament,0.6,15.0,standard,5.0,None,None,None,1.0,None,nonadapt
increament,0.6,15.0,standard,5.0,None,None,None,1.0,None,nonadapt
increament,0.6,15.0,standard,5.0,None,None,None,1.0,None,nonadapt
increament,0.6,15.0,standard,5.0,None,None,None,1.0,None,nonadapt
increament,0.72,16.0,oddball,5.0,j,None,None,0.0,j,nonadapt
increament,0.6,15.0,standard,5.0,None,None,None,1.0,None,nonadapt
increament,0.6,15.0,standard,5.0,None,1.0177705998066813,j,0.0,None,nonadapt
decreament,0.6,11.0,standard,5.0,None,None,None,1.0,None,nonadapt
decreament,0.6,11.0,standard,5.0,None,None,None,1.0,None,nonadapt
decreament,0.6,11.0,standard,5.0,None,None,None,1.0,None,nonadapt
decreament,0.6,11.0,standard,5.0,None,None,None,1.0,None,nonadapt
decreament,0.6,11.0,standard,5.0,None,None,None,1.0,None,nonadapt
decreament,0.6,11.0,standard,5.0,None,None,None,1.0,None,nonadapt
decreament,0.6,11.0,standard,5.0,None,None,None,1.0,j,nonadapt
decreament,0.24,12.0,oddball,5.0,j,None,None,0.0,j,nonadapt
decreament,0.6,11.0,standard,5.0,None,None,None,1.0,None,nonadapt
decreament,0.6,11.0,standard,5.0,None,None,None,1.0,None,nonadapt
decreament,0.6,11.0,standard,5.0,None,None,None,1.0,None,nonadapt
decreament,0.6,11.0,standard,5.0,None,None,None,1.0,None,nonadapt
decreament,0.48,14.0,oddball,5.0,j,None,None,0.0,j,nonadapt
decreament,0.6,11.0,standard,5.0,None,None,None,1.0,None,nonadapt
decreament,0.6,11.0,standard,5.0,None,None,None,1.0,None,nonadapt
decreament,0.6,11.0,standard,5.0,None,None,None,1.0,None,nonadapt
decreament,0.6,11.0,standard,5.0,None,None,None,1.0,None,nonadapt
decreament,0.36,13.0,oddball,5.0,j,1.1075234001036731,j,1.0,j,nonadapt
decreament,0.6,11.0,standard,5.0,None,None,None,1.0,j,nonadapt
decreament,0.6,11.0,standard,5.0,None,None,None,1.0,None,nonadapt
decreament,0.6,11.0,standard,5.0,None,None,None,1.0,None,nonadapt
decreament,0.6,11.0,standard,5.0,None,None,None,1.0,None,nonadapt
decreament,0.6,11.0,standard,5.0,None,None,None,1.0,None,nonadapt
decreament,0.6,11.0,standard,5.0,None,None,None,1.0,None,nonadapt
decreament,0.6,11.0,standard,5.0,None,None,None,1.0,None,nonadapt
decreament,0.6,11.0,standard,5.0,None,None,None,1.0,None,nonadapt
decreament,0.6,11.0,standard,5.0,None,None,None,1.0,None,nonadapt
decreament,0.6,11.0,standard,5.0,None,None,None,1.0,None,nonadapt
decreament,0.6,11.0,standard,5.0,None,None,None,1.0,None,nonadapt
decreament,0.6,11.0,standard,5.0,None,None,None,1.0,None,nonadapt
increament,0.6,15.0,standard,5.0,None,None,None,1.0,None,nonadapt
increament,0.6,15.0,standard,5.0,None,None,None,1.0,None,nonadapt
increament,0.6,15.0,standard,5.0,None,None,None,1.0,None,nonadapt
increament,0.6,15.0,standard,5.0,None,None,None,1.0,None,nonadapt
increament,0.6,15.0,standard,5.0,None,None,None,1.0,None,nonadapt
increament,0.6,15.0,standard,5.0,None,None,None,1.0,None,nonadapt
increament,0.84,17.0,oddball,5.0,j,None,None,0.0,j,nonadapt
increament,0.6,15.0,standard,5.0,None,None,None,1.0,None,nonadapt
increament,0.6,15.0,standard,5.0,None,None,None,1.0,None,nonadapt
increament,0.6,15.0,standard,5.0,None,0.6440419000573456,j,0.0,None,nonadapt
increament,0.6,15.0,standard,5.0,None,None,None,1.0,None,nonadapt
increament,0.6,15.0,standard,5.0,None,None,None,1.0,None,nonadapt
increament,0.6,15.0,standard,5.0,None,None,None,1.0,None,nonadapt
increament,0.6,15.0,standard,5.0,None,None,None,1.0,None,nonadapt
increament,0.6,15.0,standard,5.0,None,None,None,1.0,None,nonadapt
increament,0.6,15.0,standard,5.0,None,None,None,1.0,None,nonadapt
increament,0.6,15.0,standard,5.0,None,None,None,1.0,None,nonadapt
increament,0.6,15.0,standard,5.0,None,None,None,1.0,None,nonadapt
increament,0.6,15.0,standard,5.0,None,None,None,1.0,None,nonadapt
increament,0.96,18.0,oddball,5.0,j,0.4557552998885512,j,1.0,j,nonadapt
increament,0.6,15.0,standard,5.0,None,None,None,1.0,None,nonadapt
increament,0.6,15.0,standard,5.0,None,None,None,1.0,None,nonadapt
increament,0.6,15.0,standard,5.0,None,None,None,1.0,None,nonadapt
increament,0.6,15.0,standard,5.0,None,None,None,1.0,None,nonadapt
increament,0.6,15.0,standard,5.0,None,None,None,1.0,None,nonadapt
increament,0.6,15.0,standard,5.0,None,None,None,1.0,None,nonadapt
increament,0.6,15.0,standard,5.0,None,None,None,1.0,None,nonadapt
increament,0.6,15.0,standard,5.0,None,None,None,1.0,None,nonadapt
increament,0.72,16.0,oddball,5.0,j,None,None,0.0,j,nonadapt
increament,0.6,15.0,standard,5.0,None,None,None,1.0,None,nonadapt
decreament,0.6,11.0,standard,5.0,None,None,None,1.0,None,nonadapt
decreament,0.6,11.0,standard,5.0,None,None,None,1.0,None,nonadapt
decreament,0.6,11.0,standard,5.0,None,None,None,1.0,None,nonadapt
decreament,0.6,11.0,standard,5.0,None,None,None,1.0,None,nonadapt
decreament,0.6,11.0,standard,5.0,None,None,None,1.0,None,nonadapt
decreament,0.6,11.0,standard,5.0,None,None,None,1.0,None,nonadapt
decreament,0.6,11.0,standard,5.0,None,None,None,1.0,None,nonadapt
decreament,0.6,11.0,standard,5.0,None,None,None,1.0,None,nonadapt
decreament,0.6,11.0,standard,5.0,None,None,None,1.0,None,nonadapt
decreament,0.6,11.0,standard,5.0,None,None,None,1.0,None,nonadapt
decreament,0.24,12.0,oddball,5.0,j,0.5188945999834687,j,1.0,None,nonadapt
decreament,0.6,11.0,standard,5.0,None,None,None,1.0,None,nonadapt
decreament,0.6,11.0,standard,5.0,None,None,None,1.0,None,nonadapt
decreament,0.6,11.0,standard,5.0,None,None,None,1.0,None,nonadapt
decreament,0.6,11.0,standard,5.0,None,None,None,1.0,None,nonadapt
decreament,0.6,11.0,standard,5.0,None,None,None,1.0,None,nonadapt
decreament,0.6,11.0,standard,5.0,None,None,None,1.0,j,nonadapt
decreament,0.48,14.0,oddball,5.0,j,None,None,0.0,None,nonadapt
decreament,0.6,11.0,standard,5.0,None,None,None,1.0,None,nonadapt
decreament,0.6,11.0,standard,5.0,None,None,None,1.0,None,nonadapt
decreament,0.6,11.0,standard,5.0,None,None,None,1.0,None,nonadapt
decreament,0.6,11.0,standard,5.0,None,None,None,1.0,None,nonadapt
decreament,0.6,11.0,standard,5.0,None,None,None,1.0,None,nonadapt
decreament,0.6,11.0,standard,5.0,None,None,None,1.0,None,nonadapt
decreament,0.6,11.0,standard,5.0,None,None,None,1.0,None,nonadapt
decreament,0.6,11.0,standard,5.0,None,None,None,1.0,None,nonadapt
decreament,0.6,11.0,standard,5.0,None,None,None,1.0,None,nonadapt
decreament,0.36,13.0,oddball,5.0,j,0.8402579999528825,j,1.0,None,nonadapt
decreament,0.6,11.0,standard,5.0,None,None,None,1.0,None,nonadapt
decreament,0.6,11.0,standard,5.0,None,None,None,1.0,None,nonadapt
increament,0.6,25.0,standard,10.0,None,None,None,1.0,None,nonadapt
increament,0.6,25.0,standard,10.0,None,None,None,1.0,None,nonadapt
increament,0.6,25.0,standard,10.0,None,None,None,1.0,None,nonadapt
increament,0.6,25.0,standard,10.0,None,None,None,1.0,None,nonadapt
increament,0.6,25.0,standard,10.0,None,None,None,1.0,None,nonadapt
increament,0.6,25.0,standard,10.0,None,None,None,1.0,None,nonadapt
increament,0.6,25.0,standard,10.0,None,None,None,1.0,None,nonadapt
increament,0.72,26.0,oddball,10.0,j,None,None,0.0,None,nonadapt
increament,0.6,25.0,standard,10.0,None,None,None,1.0,None,nonadapt
increament,0.6,25.0,standard,10.0,None,None,None,1.0,None,nonadapt
increament,0.6,25.0,standard,10.0,None,None,None,1.0,None,nonadapt
increament,0.6,25.0,standard,10.0,None,None,None,1.0,None,nonadapt
increament,0.6,25.0,standard,10.0,None,None,None,1.0,None,nonadapt
increament,0.6,25.0,standard,10.0,None,None,None,1.0,None,nonadapt
increament,0.6,25.0,standard,10.0,None,None,None,1.0,None,nonadapt
increament,0.6,25.0,standard,10.0,None,None,None,1.0,None,nonadapt
increament,0.6,25.0,standard,10.0,None,None,None,1.0,None,nonadapt
increament,0.96,28.0,oddball,10.0,j,None,None,0.0,j,nonadapt
increament,0.6,25.0,standard,10.0,None,None,None,1.0,None,nonadapt
increament,0.6,25.0,standard,10.0,None,None,None,1.0,None,nonadapt
increament,0.6,25.0,standard,10.0,None,None,None,1.0,None,nonadapt
increament,0.84,27.0,oddball,10.0,j,0.3870319998823106,j,1.0,j,nonadapt
increament,0.6,25.0,standard,10.0,None,None,None,1.0,None,nonadapt
increament,0.6,25.0,standard,10.0,None,None,None,1.0,None,nonadapt
increament,0.6,25.0,standard,10.0,None,None,None,1.0,None,nonadapt
increament,0.6,25.0,standard,10.0,None,None,None,1.0,None,nonadapt
increament,0.6,25.0,standard,10.0,None,None,None,1.0,None,nonadapt
increament,0.6,25.0,standard,10.0,None,None,None,1.0,None,nonadapt
increament,0.6,25.0,standard,10.0,None,None,None,1.0,None,nonadapt
increament,0.6,25.0,standard,10.0,None,None,None,1.0,None,nonadapt
decreament,0.6,21.0,standard,10.0,None,None,None,1.0,None,nonadapt
decreament,0.6,21.0,standard,10.0,None,None,None,1.0,None,nonadapt
decreament,0.6,21.0,standard,10.0,None,None,None,1.0,None,nonadapt
decreament,0.6,21.0,standard,10.0,None,None,None,1.0,None,nonadapt
decreament,0.6,21.0,standard,10.0,None,None,None,1.0,None,nonadapt
decreament,0.36,23.0,oddball,10.0,j,0.8407869001384825,j,1.0,j,nonadapt
decreament,0.6,21.0,standard,10.0,None,None,None,1.0,None,nonadapt
decreament,0.6,21.0,standard,10.0,None,None,None,1.0,None,nonadapt
decreament,0.6,21.0,standard,10.0,None,None,None,1.0,None,nonadapt
decreament,0.6,21.0,standard,10.0,None,None,None,1.0,None,nonadapt
decreament,0.6,21.0,standard,10.0,None,None,None,1.0,None,nonadapt
decreament,0.6,21.0,standard,10.0,None,None,None,1.0,None,nonadapt
decreament,0.6,21.0,standard,10.0,None,None,None,1.0,None,nonadapt
decreament,0.6,21.0,standard,10.0,None,None,None,1.0,None,nonadapt
decreament,0.6,21.0,standard,10.0,None,None,None,1.0,None,nonadapt
decreament,0.6,21.0,standard,10.0,None,None,None,1.0,None,nonadapt
decreament,0.6,21.0,standard,10.0,None,None,None,1.0,None,nonadapt
decreament,0.24,22.0,oddball,10.0,j,None,None,0.0,j,nonadapt
decreament,0.6,21.0,standard,10.0,None,None,None,1.0,None,nonadapt
decreament,0.6,21.0,standard,10.0,None,None,None,1.0,None,nonadapt
decreament,0.6,21.0,standard,10.0,None,None,None,1.0,None,nonadapt
decreament,0.6,21.0,standard,10.0,None,None,None,1.0,None,nonadapt
decreament,0.6,21.0,standard,10.0,None,None,None,1.0,None,nonadapt
decreament,0.6,21.0,standard,10.0,None,None,None,1.0,None,nonadapt
decreament,0.6,21.0,standard,10.0,None,None,None,1.0,None,nonadapt
decreament,0.48,24.0,oddball,10.0,j,0.6630883000325412,j,1.0,None,nonadapt
decreament,0.6,21.0,standard,10.0,None,None,None,1.0,None,nonadapt
decreament,0.6,21.0,standard,10.0,None,None,None,1.0,None,nonadapt
decreament,0.6,21.0,standard,10.0,None,None,None,1.0,None,nonadapt
decreament,0.6,21.0,standard,10.0,None,None,None,1.0,None,nonadapt
increament,0.6,25.0,standard,10.0,None,None,None,1.0,None,nonadapt
increament,0.6,25.0,standard,10.0,None,None,None,1.0,None,nonadapt
increament,0.6,25.0,standard,10.0,None,None,None,1.0,None,nonadapt
increament,0.6,25.0,standard,10.0,None,None,None,1.0,None,nonadapt
increament,0.6,25.0,standard,10.0,None,None,None,1.0,None,nonadapt
increament,0.6,25.0,standard,10.0,None,None,None,1.0,None,nonadapt
increament,0.84,27.0,oddball,10.0,j,None,None,0.0,None,nonadapt
increament,0.6,25.0,standard,10.0,None,None,None,1.0,None,nonadapt
increament,0.6,25.0,standard,10.0,None,None,None,1.0,None,nonadapt
increament,0.6,25.0,standard,10.0,None,None,None,1.0,None,nonadapt
increament,0.96,28.0,oddball,10.0,j,0.77090990007855,j,1.0,j,nonadapt
increament,0.6,25.0,standard,10.0,None,None,None,1.0,None,nonadapt
increament,0.6,25.0,standard,10.0,None,None,None,1.0,None,nonadapt
increament,0.6,25.0,standard,10.0,None,None,None,1.0,None,nonadapt
increament,0.6,25.0,standard,10.0,None,None,None,1.0,None,nonadapt
increament,0.6,25.0,standard,10.0,None,None,None,1.0,None,nonadapt
increament,0.6,25.0,standard,10.0,None,None,None,1.0,None,nonadapt
increament,0.6,25.0,standard,10.0,None,None,None,1.0,None,nonadapt
increament,0.6,25.0,standard,10.0,None,None,None,1.0,None,nonadapt
increament,0.6,25.0,standard,10.0,None,None,None,1.0,None,nonadapt
increament,0.6,25.0,standard,10.0,None,None,None,1.0,None,nonadapt
increament,0.6,25.0,standard,10.0,None,0.7049416000954807,j,0.0,None,nonadapt
increament,0.6,25.0,standard,10.0,None,None,None,1.0,None,nonadapt
increament,0.6,25.0,standard,10.0,None,0.6310278999153525,j,0.0,None,nonadapt
increament,0.72,26.0,oddball,10.0,j,0.913753200089559,j,1.0,None,nonadapt
increament,0.6,25.0,standard,10.0,None,None,None,1.0,None,nonadapt
increament,0.6,25.0,standard,10.0,None,None,None,1.0,None,nonadapt
increament,0.6,25.0,standard,10.0,None,None,None,1.0,None,nonadapt
increament,0.6,25.0,standard,10.0,None,None,None,1.0,None,nonadapt
increament,0.6,25.0,standard,10.0,None,None,None,1.0,None,nonadapt
decreament,0.6,21.0,standard,10.0,None,None,None,1.0,None,nonadapt
decreament,0.6,21.0,standard,10.0,None,None,None,1.0,None,nonadapt
decreament,0.6,21.0,standard,10.0,None,None,None,1.0,None,nonadapt
decreament,0.6,21.0,standard,10.0,None,None,None,1.0,None,nonadapt
decreament,0.6,21.0,standard,10.0,None,None,None,1.0,None,nonadapt
decreament,0.6,21.0,standard,10.0,None,None,None,1.0,None,nonadapt
decreament,0.6,21.0,standard,10.0,None,None,None,1.0,None,nonadapt
decreament,0.6,21.0,standard,10.0,None,None,None,1.0,None,nonadapt
decreament,0.48,24.0,oddball,10.0,j,None,None,0.0,None,nonadapt
decreament,0.6,21.0,standard,10.0,None,None,None,1.0,None,nonadapt
decreament,0.6,21.0,standard,10.0,None,None,None,1.0,None,nonadapt
decreament,0.6,21.0,standard,10.0,None,None,None,1.0,None,nonadapt
decreament,0.6,21.0,standard,10.0,None,None,None,1.0,None,nonadapt
decreament,0.6,21.0,standard,10.0,None,None,None,1.0,None,nonadapt
decreament,0.6,21.0,standard,10.0,None,None,None,1.0,None,nonadapt
decreament,0.6,21.0,standard,10.0,None,None,None,1.0,None,nonadapt
decreament,0.6,21.0,standard,10.0,None,None,None,1.0,None,nonadapt
decreament,0.6,21.0,standard,10.0,None,None,None,1.0,None,nonadapt
decreament,0.36,23.0,oddball,10.0,j,0.691152699990198,j,1.0,j,nonadapt
decreament,0.6,21.0,standard,10.0,None,None,None,1.0,j,nonadapt
decreament,0.6,21.0,standard,10.0,None,None,None,1.0,None,nonadapt
decreament,0.6,21.0,standard,10.0,None,None,None,1.0,None,nonadapt
decreament,0.6,21.0,standard,10.0,None,None,None,1.0,None,nonadapt
decreament,0.6,21.0,standard,10.0,None,None,None,1.0,None,nonadapt
decreament,0.6,21.0,standard,10.0,None,None,None,1.0,None,nonadapt
decreament,0.6,21.0,standard,10.0,None,None,None,1.0,None,nonadapt
decreament,0.6,21.0,standard,10.0,None,None,None,1.0,None,nonadapt
decreament,0.24,22.0,oddball,10.0,j,0.768621499883011,j,1.0,None,nonadapt
decreament,0.6,21.0,standard,10.0,None,None,None,1.0,None,nonadapt
decreament,0.6,21.0,standard,10.0,None,None,None,1.0,None,nonadapt
increament,0.6,25.0,standard,10.0,None,None,None,1.0,None,nonadapt
increament,0.6,25.0,standard,10.0,None,None,None,1.0,None,nonadapt
increament,0.6,25.0,standard,10.0,None,None,None,1.0,None,nonadapt
increament,0.6,25.0,standard,10.0,None,None,None,1.0,None,nonadapt
increament,0.6,25.0,standard,10.0,None,None,None,1.0,None,nonadapt
increament,0.6,25.0,standard,10.0,None,None,None,1.0,None,nonadapt
increament,0.6,25.0,standard,10.0,None,None,None,1.0,None,nonadapt
increament,0.6,25.0,standard,10.0,None,None,None,1.0,None,nonadapt
increament,0.6,25.0,standard,10.0,None,None,None,1.0,None,nonadapt
increament,0.6,25.0,standard,10.0,None,None,None,1.0,None,nonadapt
increament,0.6,25.0,standard,10.0,None,None,None,1.0,None,nonadapt
increament,0.6,25.0,standard,10.0,None,None,None,1.0,None,nonadapt
increament,0.96,28.0,oddball,10.0,j,0.3934428000357002,j,1.0,j,nonadapt
increament,0.6,25.0,standard,10.0,None,None,None,1.0,None,nonadapt
increament,0.6,25.0,standard,10.0,None,None,None,1.0,None,nonadapt
increament,0.6,25.0,standard,10.0,None,None,None,1.0,None,nonadapt
increament,0.84,27.0,oddball,10.0,j,None,None,0.0,j,nonadapt
increament,0.6,25.0,standard,10.0,None,None,None,1.0,None,nonadapt
increament,0.6,25.0,standard,10.0,None,None,None,1.0,None,nonadapt
increament,0.6,25.0,standard,10.0,None,None,None,1.0,None,nonadapt
increament,0.6,25.0,standard,10.0,None,None,None,1.0,None,nonadapt
increament,0.6,25.0,standard,10.0,None,None,None,1.0,None,nonadapt
increament,0.6,25.0,standard,10.0,None,None,None,1.0,None,nonadapt
increament,0.6,25.0,standard,10.0,None,None,None,1.0,None,nonadapt
increament,0.6,25.0,standard,10.0,None,None,None,1.0,None,nonadapt
increament,0.6,25.0,standard,10.0,None,None,None,1.0,None,nonadapt
increament,0.6,25.0,standard,10.0,None,None,None,1.0,None,nonadapt
increament,0.6,25.0,standard,10.0,None,0.7623566999100149,j,0.0,None,nonadapt
increament,0.72,26.0,oddball,10.0,j,None,None,0.0,None,nonadapt
increament,0.6,25.0,standard,10.0,None,None,None,1.0,None,nonadapt
decreament,0.6,21.0,standard,10.0,None,None,None,1.0,None,nonadapt
decreament,0.6,21.0,standard,10.0,None,None,None,1.0,None,nonadapt
decreament,0.6,21.0,standard,10.0,None,None,None,1.0,None,nonadapt
decreament,0.6,21.0,standard,10.0,None,None,None,1.0,None,nonadapt
decreament,0.6,21.0,standard,10.0,None,None,None,1.0,None,nonadapt
decreament,0.6,21.0,standard,10.0,None,None,None,1.0,None,nonadapt
decreament,0.6,21.0,standard,10.0,None,1.0700111999176445,j,0.0,None,nonadapt
decreament,0.6,21.0,standard,10.0,None,None,None,1.0,None,nonadapt
decreament,0.6,21.0,standard,10.0,None,None,None,1.0,None,nonadapt
decreament,0.6,21.0,standard,10.0,None,None,None,1.0,None,nonadapt
decreament,0.6,21.0,standard,10.0,None,None,None,1.0,None,nonadapt
decreament,0.6,21.0,standard,10.0,None,None,None,1.0,None,nonadapt
decreament,0.6,21.0,standard,10.0,None,None,None,1.0,None,nonadapt
decreament,0.6,21.0,standard,10.0,None,None,None,1.0,None,nonadapt
decreament,0.36,23.0,oddball,10.0,j,None,None,0.0,j,nonadapt
decreament,0.6,21.0,standard,10.0,None,None,None,1.0,None,nonadapt
decreament,0.6,21.0,standard,10.0,None,None,None,1.0,None,nonadapt
decreament,0.6,21.0,standard,10.0,None,None,None,1.0,None,nonadapt
decreament,0.6,21.0,standard,10.0,None,None,None,1.0,None,nonadapt
decreament,0.6,21.0,standard,10.0,None,None,None,1.0,None,nonadapt
decreament,0.6,21.0,standard,10.0,None,None,None,1.0,None,nonadapt
decreament,0.6,21.0,standard,10.0,None,None,None,1.0,None,nonadapt
decreament,0.6,21.0,standard,10.0,None,None,None,1.0,None,nonadapt
decreament,0.6,21.0,standard,10.0,None,None,None,1.0,None,nonadapt
decreament,0.6,21.0,standard,10.0,None,None,None,1.0,None,nonadapt
decreament,0.24,22.0,oddball,10.0,j,0.615542400162667,j,1.0,None,nonadapt
decreament,0.6,21.0,standard,10.0,None,None,None,1.0,None,nonadapt
decreament,0.6,21.0,standard,10.0,None,None,None,1.0,None,nonadapt
decreament,0.6,21.0,standard,10.0,None,None,None,1.0,None,nonadapt
decreament,0.48,24.0,oddball,10.0,j,None,None,0.0,j,nonadapt
increament,0.6,25.0,standard,10.0,None,None,None,1.0,None,nonadapt
increament,0.6,25.0,standard,10.0,None,None,None,1.0,None,nonadapt
increament,0.6,25.0,standard,10.0,None,None,None,1.0,None,nonadapt
increament,0.6,25.0,standard,10.0,None,None,None,1.0,None,nonadapt
increament,0.6,25.0,standard,10.0,None,None,None,1.0,None,nonadapt
increament,0.6,25.0,standard,10.0,None,None,None,1.0,None,nonadapt
increament,0.6,25.0,standard,10.0,None,None,None,1.0,None,nonadapt
increament,0.6,25.0,standard,10.0,None,None,None,1.0,None,nonadapt
increament,0.6,25.0,standard,10.0,None,None,None,1.0,None,nonadapt
increament,0.6,25.0,standard,10.0,None,None,None,1.0,None,nonadapt
increament,0.6,25.0,standard,10.0,None,None,None,1.0,None,nonadapt
increament,0.72,26.0,oddball,10.0,j,None,None,0.0,j,nonadapt
increament,0.6,25.0,standard,10.0,None,None,None,1.0,None,nonadapt
increament,0.6,25.0,standard,10.0,None,None,None,1.0,None,nonadapt
increament,0.6,25.0,standard,10.0,None,None,None,1.0,None,nonadapt
increament,0.6,25.0,standard,10.0,None,None,None,1.0,None,nonadapt
increament,0.96,28.0,oddball,10.0,j,None,None,0.0,None,nonadapt
increament,0.6,25.0,standard,10.0,None,None,None,1.0,None,nonadapt
increament,0.6,25.0,standard,10.0,None,None,None,1.0,None,nonadapt
increament,0.6,25.0,standard,10.0,None,None,None,1.0,None,nonadapt
increament,0.6,25.0,standard,10.0,None,None,None,1.0,None,nonadapt
increament,0.84,27.0,oddball,10.0,j,None,None,0.0,None,nonadapt
increament,0.6,25.0,standard,10.0,None,None,None,1.0,None,nonadapt
increament,0.6,25.0,standard,10.0,None,None,None,1.0,None,nonadapt
increament,0.6,25.0,standard,10.0,None,None,None,1.0,None,nonadapt
increament,0.6,25.0,standard,10.0,None,None,None,1.0,None,nonadapt
increament,0.6,25.0,standard,10.0,None,None,None,1.0,None,nonadapt
increament,0.6,25.0,standard,10.0,None,None,None,1.0,None,nonadapt
increament,0.6,25.0,standard,10.0,None,None,None,1.0,None,nonadapt
increament,0.6,25.0,standard,10.0,None,None,None,1.0,None,nonadapt
decreament,0.6,21.0,standard,10.0,None,None,None,1.0,None,nonadapt
decreament,0.6,21.0,standard,10.0,None,None,None,1.0,None,nonadapt
decreament,0.6,21.0,standard,10.0,None,None,None,1.0,None,nonadapt
decreament,0.6,21.0,standard,10.0,None,None,None,1.0,None,nonadapt
decreament,0.6,21.0,standard,10.0,None,None,None,1.0,None,nonadapt
decreament,0.6,21.0,standard,10.0,None,None,None,1.0,None,nonadapt
decreament,0.6,21.0,standard,10.0,None,None,None,1.0,None,nonadapt
decreament,0.6,21.0,standard,10.0,None,None,None,1.0,None,nonadapt
decreament,0.6,21.0,standard,10.0,None,None,None,1.0,None,nonadapt
decreament,0.24,22.0,oddball,10.0,j,1.5740820998325944,j,1.0,j,nonadapt
decreament,0.6,21.0,standard,10.0,None,None,None,1.0,None,nonadapt
decreament,0.6,21.0,standard,10.0,None,None,None,1.0,None,nonadapt
decreament,0.6,21.0,standard,10.0,None,None,None,1.0,None,nonadapt
decreament,0.6,21.0,standard,10.0,None,None,None,1.0,None,nonadapt
decreament,0.6,21.0,standard,10.0,None,None,None,1.0,None,nonadapt
decreament,0.48,24.0,oddball,10.0,j,None,None,0.0,None,nonadapt
decreament,0.6,21.0,standard,10.0,None,None,None,1.0,None,nonadapt
decreament,0.6,21.0,standard,10.0,None,None,None,1.0,None,nonadapt
decreament,0.6,21.0,standard,10.0,None,None,None,1.0,None,nonadapt
decreament,0.6,21.0,standard,10.0,None,None,None,1.0,None,nonadapt
decreament,0.6,21.0,standard,10.0,None,None,None,1.0,None,nonadapt
decreament,0.6,21.0,standard,10.0,None,None,None,1.0,None,nonadapt
decreament,0.6,21.0,standard,10.0,None,None,None,1.0,None,nonadapt
decreament,0.6,21.0,standard,10.0,None,None,None,1.0,None,nonadapt
decreament,0.6,21.0,standard,10.0,None,None,None,1.0,None,nonadapt
decreament,0.36,23.0,oddball,10.0,j,0.5742635999340564,j,1.0,j,nonadapt
decreament,0.6,21.0,standard,10.0,None,None,None,1.0,None,nonadapt
decreament,0.6,21.0,standard,10.0,None,None,None,1.0,None,nonadapt
decreament,0.6,21.0,standard,10.0,None,None,None,1.0,None,nonadapt
decreament,0.6,21.0,standard,10.0,None,None,None,1.0,None,nonadapt
increament,0.6,25.0,standard,10.0,None,None,None,1.0,None,nonadapt
increament,0.6,25.0,standard,10.0,None,None,None,1.0,None,nonadapt
increament,0.6,25.0,standard,10.0,None,None,None,1.0,None,nonadapt
increament,0.6,25.0,standard,10.0,None,None,None,1.0,None,nonadapt
increament,0.6,25.0,standard,10.0,None,None,None,1.0,None,nonadapt
increament,0.6,25.0,standard,10.0,None,None,None,1.0,None,nonadapt
increament,0.6,25.0,standard,10.0,None,None,None,1.0,None,nonadapt
increament,0.6,25.0,standard,10.0,None,None,None,1.0,None,nonadapt
increament,0.6,25.0,standard,10.0,None,None,None,1.0,None,nonadapt
increament,0.6,25.0,standard,10.0,None,None,None,1.0,None,nonadapt
increament,0.72,26.0,oddball,10.0,j,None,None,0.0,None,nonadapt
increament,0.6,25.0,standard,10.0,None,None,None,1.0,None,nonadapt
increament,0.6,25.0,standard,10.0,None,None,None,1.0,None,nonadapt
increament,0.6,25.0,standard,10.0,None,None,None,1.0,None,nonadapt
increament,0.6,25.0,standard,10.0,None,None,None,1.0,None,nonadapt
increament,0.6,25.0,standard,10.0,None,None,None,1.0,None,nonadapt
increament,0.6,25.0,standard,10.0,None,None,None,1.0,None,nonadapt
increament,0.6,25.0,standard,10.0,None,None,None,1.0,None,nonadapt
increament,0.96,28.0,oddball,10.0,j,None,None,0.0,j,nonadapt
increament,0.6,25.0,standard,10.0,None,None,None,1.0,None,nonadapt
increament,0.6,25.0,standard,10.0,None,None,None,1.0,None,nonadapt
increament,0.6,25.0,standard,10.0,None,None,None,1.0,None,nonadapt
increament,0.6,25.0,standard,10.0,None,None,None,1.0,None,nonadapt
increament,0.6,25.0,standard,10.0,None,None,None,1.0,None,nonadapt
increament,0.84,27.0,oddball,10.0,j,0.3454890998546034,j,1.0,None,nonadapt
increament,0.6,25.0,standard,10.0,None,None,None,1.0,None,nonadapt
increament,0.6,25.0,standard,10.0,None,None,None,1.0,None,nonadapt
increament,0.6,25.0,standard,10.0,None,None,None,1.0,None,nonadapt
increament,0.6,25.0,standard,10.0,None,None,None,1.0,None,nonadapt
increament,0.6,25.0,standard,10.0,None,None,None,1.0,None,nonadapt
decreament,0.6,21.0,standard,10.0,None,None,None,1.0,None,nonadapt
decreament,0.6,21.0,standard,10.0,None,None,None,1.0,None,nonadapt
decreament,0.6,21.0,standard,10.0,None,None,None,1.0,None,nonadapt
decreament,0.6,21.0,standard,10.0,None,None,None,1.0,None,nonadapt
decreament,0.6,21.0,standard,10.0,None,None,None,1.0,None,nonadapt
decreament,0.6,21.0,standard,10.0,None,None,None,1.0,None,nonadapt
decreament,0.6,21.0,standard,10.0,None,None,None,1.0,None,nonadapt
decreament,0.6,21.0,standard,10.0,None,None,None,1.0,None,nonadapt
decreament,0.6,21.0,standard,10.0,None,None,None,1.0,j,nonadapt
decreament,0.6,21.0,standard,10.0,None,None,None,1.0,None,nonadapt
decreament,0.6,21.0,standard,10.0,None,None,None,1.0,None,nonadapt
decreament,0.6,21.0,standard,10.0,None,None,None,1.0,None,nonadapt
decreament,0.6,21.0,standard,10.0,None,None,None,1.0,None,nonadapt
decreament,0.6,21.0,standard,10.0,None,None,None,1.0,None,nonadapt
decreament,0.6,21.0,standard,10.0,None,None,None,1.0,None,nonadapt
decreament,0.6,21.0,standard,10.0,None,None,None,1.0,None,nonadapt
decreament,0.36,23.0,oddball,10.0,j,0.5802557999268174,j,1.0,j,nonadapt
decreament,0.6,21.0,standard,10.0,None,None,None,1.0,None,nonadapt
decreament,0.6,21.0,standard,10.0,None,None,None,1.0,None,nonadapt
decreament,0.6,21.0,standard,10.0,None,None,None,1.0,None,nonadapt
decreament,0.24,22.0,oddball,10.0,j,0.8436640000436455,j,1.0,j,nonadapt
decreament,0.6,21.0,standard,10.0,None,None,None,1.0,None,nonadapt
decreament,0.6,21.0,standard,10.0,None,None,None,1.0,None,nonadapt
decreament,0.6,21.0,standard,10.0,None,None,None,1.0,None,nonadapt
decreament,0.6,21.0,standard,10.0,None,None,None,1.0,None,nonadapt
decreament,0.6,21.0,standard,10.0,None,None,None,1.0,None,nonadapt
decreament,0.48,24.0,oddball,10.0,j,0.6107423000503331,j,1.0,j,nonadapt
decreament,0.6,21.0,standard,10.0,None,None,None,1.0,None,nonadapt
decreament,0.6,21.0,standard,10.0,None,None,None,1.0,None,nonadapt
decreament,0.6,21.0,standard,10.0,None,None,None,1.0,None,nonadapt
